Timestamp,TP9,AF7,AF8,TP10[1715293996.895125],-869.62890625,-810.05859375,-54.19921875,-386.23046875
[1715293996.8990312],-1000.0,-1000.0,-38.0859375,-969.23828125
[1715293996.9029374],316.40625,184.08203125,-28.3203125,922.36328125
[1715293996.9068437],-821.2890625,-798.828125,-39.55078125,-606.93359375
[1715293996.91075],-149.4140625,-58.10546875,-58.10546875,-956.54296875
[1715293996.9146562],-1000.0,-1000.0,-50.29296875,560.05859375
[1715293996.9185624],-184.5703125,-196.77734375,-32.2265625,-795.8984375
[1715293996.9224687],-807.6171875,-805.6640625,-27.34375,82.03125
[1715293996.926375],229.98046875,233.88671875,-43.9453125,-1000.0
[1715293996.9302812],-1000.0,-1000.0,-42.96875,-93.75
[1715293996.9341874],-292.48046875,-348.14453125,-20.01953125,-762.6953125
[1715293996.9380937],-816.89453125,-834.9609375,-26.85546875,209.47265625
[1715293996.895125],-869.62890625,-810.05859375,-54.19921875,-386.23046875
[1715293996.8990312],-1000.0,-1000.0,-38.0859375,-969.23828125
[1715293996.9029374],316.40625,184.08203125,-28.3203125,922.36328125
[1715293996.9068437],-821.2890625,-798.828125,-39.55078125,-606.93359375
[1715293996.91075],-149.4140625,-58.10546875,-58.10546875,-956.54296875
[1715293996.9146562],-1000.0,-1000.0,-50.29296875,560.05859375
[1715293996.9185624],-184.5703125,-196.77734375,-32.2265625,-795.8984375
[1715293996.9224687],-807.6171875,-805.6640625,-27.34375,82.03125
[1715293996.926375],229.98046875,233.88671875,-43.9453125,-1000.0
[1715293996.9302812],-1000.0,-1000.0,-42.96875,-93.75
[1715293996.9341874],-292.48046875,-348.14453125,-20.01953125,-762.6953125
[1715293996.9380937],-816.89453125,-834.9609375,-26.85546875,209.47265625
[1715293996.940125],364.74609375,415.52734375,-52.734375,-1000.0
[1715293996.9440312],-1000.0,-1000.0,-47.36328125,-272.94921875
[1715293996.9479375],-705.56640625,-814.453125,-26.85546875,-821.77734375
[1715293996.9518437],897.94921875,745.1171875,-24.4140625,574.70703125
[1715293996.95575],856.4453125,994.140625,-33.69140625,-1000.0
[1715293996.9596562],-709.47265625,-598.6328125,-36.1328125,-534.66796875
[1715293996.9635625],-1000.0,-1000.0,-23.92578125,993.1640625
[1715293996.9674687],294.921875,455.56640625,-23.92578125,-983.3984375
[1715293996.971375],-805.6640625,-823.73046875,-44.43359375,-395.5078125
[1715293996.9752812],-76.66015625,-101.5625,-49.8046875,-1000.0
[1715293996.9791875],-1000.0,-1000.0,-35.15625,324.70703125
[1715293996.9830937],-232.91015625,-231.4453125,-20.5078125,-767.578125
[1715293996.940125],364.74609375,415.52734375,-52.734375,-1000.0
[1715293996.9440312],-1000.0,-1000.0,-47.36328125,-272.94921875
[1715293996.9479375],-705.56640625,-814.453125,-26.85546875,-821.77734375
[1715293996.9518437],897.94921875,745.1171875,-24.4140625,574.70703125
[1715293996.95575],856.4453125,994.140625,-33.69140625,-1000.0
[1715293996.9596562],-709.47265625,-598.6328125,-36.1328125,-534.66796875
[1715293996.9635625],-1000.0,-1000.0,-23.92578125,993.1640625
[1715293996.9674687],294.921875,455.56640625,-23.92578125,-983.3984375
[1715293996.971375],-805.6640625,-823.73046875,-44.43359375,-395.5078125
[1715293996.9752812],-76.66015625,-101.5625,-49.8046875,-1000.0
[1715293996.9791875],-1000.0,-1000.0,-35.15625,324.70703125
[1715293996.9830937],-232.91015625,-231.4453125,-20.5078125,-767.578125
[1715293996.985125],-818.84765625,-821.77734375,-20.01953125,142.08984375
[1715293996.9890313],240.234375,243.65234375,-40.0390625,-1000.0
[1715293996.9929376],-1000.0,-1000.0,-38.57421875,-208.0078125
[1715293996.9968438],-383.7890625,-439.453125,-22.94921875,-781.73828125
[1715293997.00075],-854.4921875,-905.76171875,-34.1796875,308.59375
[1715293997.0046563],493.65234375,688.4765625,-51.7578125,-1000.0
[1715293997.0085626],-1000.0,-892.08984375,-54.6875,-282.71484375
[1715293997.0124688],-861.81640625,-990.234375,-41.50390625,-848.6328125
[1715293997.016375],708.0078125,573.2421875,-20.5078125,716.30859375
[1715293997.0202813],983.88671875,-949.21875,-42.96875,-895.01953125
[1715293997.0241876],-513.671875,-433.59375,-62.5,-736.81640625
[1715293997.0280938],-1000.0,-1000.0,-46.875,823.73046875
[1715293996.985125],-818.84765625,-821.77734375,-20.01953125,142.08984375
[1715293996.9890313],240.234375,243.65234375,-40.0390625,-1000.0
[1715293996.9929376],-1000.0,-1000.0,-38.57421875,-208.0078125
[1715293996.9968438],-383.7890625,-439.453125,-22.94921875,-781.73828125
[1715293997.00075],-854.4921875,-905.76171875,-34.1796875,308.59375
[1715293997.0046563],493.65234375,688.4765625,-51.7578125,-1000.0
[1715293997.0085626],-1000.0,-892.08984375,-54.6875,-282.71484375
[1715293997.0124688],-861.81640625,-990.234375,-41.50390625,-848.6328125
[1715293997.016375],708.0078125,573.2421875,-20.5078125,716.30859375
[1715293997.0202813],983.88671875,-949.21875,-42.96875,-895.01953125
[1715293997.0241876],-513.671875,-433.59375,-62.5,-736.81640625
[1715293997.0280938],-1000.0,-1000.0,-46.875,823.73046875
[1715293997.045125],46.38671875,29.296875,-28.3203125,-864.74609375
[1715293997.0490313],-788.0859375,-779.78515625,-44.43359375,-147.4609375
[1715293997.0529375],85.9375,156.73828125,-61.03515625,-1000.0
[1715293997.0568438],-1000.0,-1000.0,-39.55078125,109.375
[1715293997.06075],-248.53515625,-264.6484375,-20.5078125,-754.8828125
[1715293997.0646563],-813.4765625,-811.03515625,-29.78515625,194.3359375
[1715293997.0685625],242.1875,375.48828125,-57.12890625,-1000.0
[1715293997.0724688],-1000.0,-1000.0,-52.734375,-268.06640625
[1715293997.076375],-502.9296875,-639.16015625,-42.48046875,-803.7109375
[1715293997.0802813],-913.57421875,-971.19140625,-34.1796875,462.890625
[1715293997.0841875],578.61328125,634.27734375,-41.9921875,-1000.0
[1715293997.0880938],-996.58203125,-938.96484375,-50.29296875,-416.9921875
[1715293997.045125],46.38671875,29.296875,-28.3203125,-864.74609375
[1715293997.0490313],-788.0859375,-779.78515625,-44.43359375,-147.4609375
[1715293997.0529375],85.9375,156.73828125,-61.03515625,-1000.0
[1715293997.0568438],-1000.0,-1000.0,-39.55078125,109.375
[1715293997.06075],-248.53515625,-264.6484375,-20.5078125,-754.8828125
[1715293997.0646563],-813.4765625,-811.03515625,-29.78515625,194.3359375
[1715293997.0685625],242.1875,375.48828125,-57.12890625,-1000.0
[1715293997.0724688],-1000.0,-1000.0,-52.734375,-268.06640625
[1715293997.076375],-502.9296875,-639.16015625,-42.48046875,-803.7109375
[1715293997.0802813],-913.57421875,-971.19140625,-34.1796875,462.890625
[1715293997.0841875],578.61328125,634.27734375,-41.9921875,-1000.0
[1715293997.0880938],-996.58203125,-938.96484375,-50.29296875,-416.9921875
[1715293997.075125],-980.95703125,-1000.0,-28.80859375,-948.73046875
[1715293997.0790312],491.2109375,289.55078125,-14.16015625,956.0546875
[1715293997.0829375],-865.72265625,-798.33984375,-29.296875,-561.03515625
[1715293997.0868437],-255.859375,-83.984375,-48.828125,-905.76171875
[1715293997.09075],-1000.0,-1000.0,-43.45703125,632.32421875
[1715293997.0946562],-74.70703125,-104.98046875,-21.97265625,-799.31640625
[1715293997.0985625],-788.57421875,-782.71484375,-25.87890625,117.67578125
[1715293997.1024687],194.82421875,219.23828125,-55.17578125,-1000.0
[1715293997.106375],-1000.0,-1000.0,-39.0625,-82.51953125
[1715293997.1102812],-263.18359375,-311.03515625,-1.46484375,-757.32421875
[1715293997.1141875],-808.59375,-821.77734375,-7.32421875,207.03125
[1715293997.1180937],292.48046875,333.984375,-38.57421875,-1000.0
[1715293997.075125],-980.95703125,-1000.0,-28.80859375,-948.73046875
[1715293997.0790312],491.2109375,289.55078125,-14.16015625,956.0546875
[1715293997.0829375],-865.72265625,-798.33984375,-29.296875,-561.03515625
[1715293997.0868437],-255.859375,-83.984375,-48.828125,-905.76171875
[1715293997.09075],-1000.0,-1000.0,-43.45703125,632.32421875
[1715293997.0946562],-74.70703125,-104.98046875,-21.97265625,-799.31640625
[1715293997.0985625],-788.57421875,-782.71484375,-25.87890625,117.67578125
[1715293997.1024687],194.82421875,219.23828125,-55.17578125,-1000.0
[1715293997.106375],-1000.0,-1000.0,-39.0625,-82.51953125
[1715293997.1102812],-263.18359375,-311.03515625,-1.46484375,-757.32421875
[1715293997.1141875],-808.59375,-821.77734375,-7.32421875,207.03125
[1715293997.1180937],292.48046875,333.984375,-38.57421875,-1000.0
[1715293997.075125],-980.95703125,-1000.0,-28.80859375,-948.73046875
[1715293997.0790312],491.2109375,289.55078125,-14.16015625,956.0546875
[1715293997.0829375],-865.72265625,-798.33984375,-29.296875,-561.03515625
[1715293997.0868437],-255.859375,-83.984375,-48.828125,-905.76171875
[1715293997.09075],-1000.0,-1000.0,-43.45703125,632.32421875
[1715293997.0946562],-74.70703125,-104.98046875,-21.97265625,-799.31640625
[1715293997.0985625],-788.57421875,-782.71484375,-25.87890625,117.67578125
[1715293997.1024687],194.82421875,219.23828125,-55.17578125,-1000.0
[1715293997.106375],-1000.0,-1000.0,-39.0625,-82.51953125
[1715293997.1102812],-263.18359375,-311.03515625,-1.46484375,-757.32421875
[1715293997.1141875],-808.59375,-821.77734375,-7.32421875,207.03125
[1715293997.1180937],292.48046875,333.984375,-38.57421875,-1000.0
[1715293997.120125],-1000.0,-1000.0,-39.55078125,-272.94921875
[1715293997.1240313],-603.515625,-703.61328125,-8.7890625,-823.73046875
[1715293997.1279376],-994.62890625,890.13671875,-4.39453125,582.51953125
[1715293997.1318438],745.60546875,872.55859375,-33.69140625,-1000.0
[1715293997.13575],-812.98828125,-672.8515625,-37.109375,-543.45703125
[1715293997.1396563],-1000.0,-1000.0,-19.04296875,959.47265625
[1715293997.1435626],279.296875,197.265625,-18.06640625,-916.015625
[1715293997.1474688],-810.05859375,-785.15625,-36.1328125,-261.23046875
[1715293997.151375],-100.09765625,29.296875,-60.05859375,-1000.0
[1715293997.1552813],-1000.0,-1000.0,-47.8515625,329.1015625
[1715293997.1591876],-216.30859375,-243.65234375,-17.578125,-761.23046875
[1715293997.1630938],-813.4765625,-812.01171875,-23.4375,146.484375
[1715293997.120125],-1000.0,-1000.0,-39.55078125,-272.94921875
[1715293997.1240313],-603.515625,-703.61328125,-8.7890625,-823.73046875
[1715293997.1279376],-994.62890625,890.13671875,-4.39453125,582.51953125
[1715293997.1318438],745.60546875,872.55859375,-33.69140625,-1000.0
[1715293997.13575],-812.98828125,-672.8515625,-37.109375,-543.45703125
[1715293997.1396563],-1000.0,-1000.0,-19.04296875,959.47265625
[1715293997.1435626],279.296875,197.265625,-18.06640625,-916.015625
[1715293997.1474688],-810.05859375,-785.15625,-36.1328125,-261.23046875
[1715293997.151375],-100.09765625,29.296875,-60.05859375,-1000.0
[1715293997.1552813],-1000.0,-1000.0,-47.8515625,329.1015625
[1715293997.1591876],-216.30859375,-243.65234375,-17.578125,-761.23046875
[1715293997.1630938],-813.4765625,-812.01171875,-23.4375,146.484375
[1715293997.120125],-1000.0,-1000.0,-39.55078125,-272.94921875
[1715293997.1240313],-603.515625,-703.61328125,-8.7890625,-823.73046875
[1715293997.1279376],-994.62890625,890.13671875,-4.39453125,582.51953125
[1715293997.1318438],745.60546875,872.55859375,-33.69140625,-1000.0
[1715293997.13575],-812.98828125,-672.8515625,-37.109375,-543.45703125
[1715293997.1396563],-1000.0,-1000.0,-19.04296875,959.47265625
[1715293997.1435626],279.296875,197.265625,-18.06640625,-916.015625
[1715293997.1474688],-810.05859375,-785.15625,-36.1328125,-261.23046875
[1715293997.151375],-100.09765625,29.296875,-60.05859375,-1000.0
[1715293997.1552813],-1000.0,-1000.0,-47.8515625,329.1015625
[1715293997.1591876],-216.30859375,-243.65234375,-17.578125,-761.23046875
[1715293997.1630938],-813.4765625,-812.01171875,-23.4375,146.484375
[1715293997.180125],234.86328125,240.234375,-51.26953125,-1000.0
[1715293997.1840312],-1000.0,-1000.0,-43.9453125,-196.2890625
[1715293997.1879375],-315.4296875,-399.90234375,-23.4375,-778.3203125
[1715293997.1918437],-825.1953125,-858.3984375,-24.90234375,311.03515625
[1715293997.19575],395.5078125,465.33203125,-41.015625,-1000.0
[1715293997.1996562],-1000.0,-1000.0,-39.0625,-280.2734375
[1715293997.2035625],-729.00390625,-787.109375,-20.99609375,-844.7265625
[1715293997.2074687],878.90625,831.54296875,-16.6015625,711.9140625
[1715293997.211375],866.69921875,872.55859375,-23.92578125,-911.62109375
[1715293997.2152812],-657.2265625,-645.5078125,-37.109375,-674.31640625
[1715293997.2191875],-1000.0,-1000.0,-27.34375,884.27734375
[1715293997.2230937],99.12109375,5.37109375,-13.18359375,-881.8359375
[1715293997.180125],234.86328125,240.234375,-51.26953125,-1000.0
[1715293997.1840312],-1000.0,-1000.0,-43.9453125,-196.2890625
[1715293997.1879375],-315.4296875,-399.90234375,-23.4375,-778.3203125
[1715293997.1918437],-825.1953125,-858.3984375,-24.90234375,311.03515625
[1715293997.19575],395.5078125,465.33203125,-41.015625,-1000.0
[1715293997.1996562],-1000.0,-1000.0,-39.0625,-280.2734375
[1715293997.2035625],-729.00390625,-787.109375,-20.99609375,-844.7265625
[1715293997.2074687],878.90625,831.54296875,-16.6015625,711.9140625
[1715293997.211375],866.69921875,872.55859375,-23.92578125,-911.62109375
[1715293997.2152812],-657.2265625,-645.5078125,-37.109375,-674.31640625
[1715293997.2191875],-1000.0,-1000.0,-27.34375,884.27734375
[1715293997.2230937],99.12109375,5.37109375,-13.18359375,-881.8359375
[1715293997.225125],-794.43359375,-796.38671875,-23.92578125,-189.453125
[1715293997.2290313],23.4375,88.37890625,-37.109375,-1000.0
[1715293997.2329376],-1000.0,-1000.0,-29.78515625,192.87109375
[1715293997.2368438],-241.69921875,-251.46484375,-11.71875,-738.28125
[1715293997.24075],-808.59375,-801.26953125,-24.4140625,138.18359375
[1715293997.2446563],234.375,298.33984375,-38.57421875,-1000.0
[1715293997.2485626],-1000.0,-1000.0,-28.3203125,-43.45703125
[1715293997.2524688],-303.22265625,-281.73828125,-21.484375,-804.19921875
[1715293997.256375],-824.21875,-806.640625,-16.11328125,336.9140625
[1715293997.2602813],475.5859375,479.4921875,-40.0390625,-1000.0
[1715293997.2641876],-1000.0,-1000.0,-51.7578125,-341.796875
[1715293997.2680938],-883.30078125,-945.80078125,-32.2265625,-882.8125
[1715293997.225125],-794.43359375,-796.38671875,-23.92578125,-189.453125
[1715293997.2290313],23.4375,88.37890625,-37.109375,-1000.0
[1715293997.2329376],-1000.0,-1000.0,-29.78515625,192.87109375
[1715293997.2368438],-241.69921875,-251.46484375,-11.71875,-738.28125
[1715293997.24075],-808.59375,-801.26953125,-24.4140625,138.18359375
[1715293997.2446563],234.375,298.33984375,-38.57421875,-1000.0
[1715293997.2485626],-1000.0,-1000.0,-28.3203125,-43.45703125
[1715293997.2524688],-303.22265625,-281.73828125,-21.484375,-804.19921875
[1715293997.256375],-824.21875,-806.640625,-16.11328125,336.9140625
[1715293997.2602813],475.5859375,479.4921875,-40.0390625,-1000.0
[1715293997.2641876],-1000.0,-1000.0,-51.7578125,-341.796875
[1715293997.2680938],-883.30078125,-945.80078125,-32.2265625,-882.8125
[1715293997.225125],-794.43359375,-796.38671875,-23.92578125,-189.453125
[1715293997.2290313],23.4375,88.37890625,-37.109375,-1000.0
[1715293997.2329376],-1000.0,-1000.0,-29.78515625,192.87109375
[1715293997.2368438],-241.69921875,-251.46484375,-11.71875,-738.28125
[1715293997.24075],-808.59375,-801.26953125,-24.4140625,138.18359375
[1715293997.2446563],234.375,298.33984375,-38.57421875,-1000.0
[1715293997.2485626],-1000.0,-1000.0,-28.3203125,-43.45703125
[1715293997.2524688],-303.22265625,-281.73828125,-21.484375,-804.19921875
[1715293997.256375],-824.21875,-806.640625,-16.11328125,336.9140625
[1715293997.2602813],475.5859375,479.4921875,-40.0390625,-1000.0
[1715293997.2641876],-1000.0,-1000.0,-51.7578125,-341.796875
[1715293997.2680938],-883.30078125,-945.80078125,-32.2265625,-882.8125
[1715293997.270125],650.390625,537.59765625,-29.78515625,785.15625
[1715293997.2740312],-945.3125,-878.41796875,-46.875,-803.22265625
[1715293997.2779374],-390.13671875,-274.90234375,-50.78125,-832.51953125
[1715293997.2818437],-1000.0,-1000.0,-39.55078125,707.51953125
[1715293997.28575],-34.1796875,-124.0234375,-23.92578125,-824.21875
[1715293997.2896562],-788.57421875,-798.33984375,-29.78515625,-18.5546875
[1715293997.2935624],177.24609375,222.65625,-40.52734375,-1000.0
[1715293997.2974687],-1000.0,-1000.0,-36.1328125,30.2734375
[1715293997.301375],-258.7890625,-264.6484375,-20.99609375,-751.953125
[1715293997.3052812],-808.59375,-807.12890625,-16.6015625,198.2421875
[1715293997.3091874],240.72265625,289.0625,-46.38671875,-1000.0
[1715293997.3130937],-1000.0,-1000.0,-47.8515625,-275.390625
[1715293997.270125],650.390625,537.59765625,-29.78515625,785.15625
[1715293997.2740312],-945.3125,-878.41796875,-46.875,-803.22265625
[1715293997.2779374],-390.13671875,-274.90234375,-50.78125,-832.51953125
[1715293997.2818437],-1000.0,-1000.0,-39.55078125,707.51953125
[1715293997.28575],-34.1796875,-124.0234375,-23.92578125,-824.21875
[1715293997.2896562],-788.57421875,-798.33984375,-29.78515625,-18.5546875
[1715293997.2935624],177.24609375,222.65625,-40.52734375,-1000.0
[1715293997.2974687],-1000.0,-1000.0,-36.1328125,30.2734375
[1715293997.301375],-258.7890625,-264.6484375,-20.99609375,-751.953125
[1715293997.3052812],-808.59375,-807.12890625,-16.6015625,198.2421875
[1715293997.3091874],240.72265625,289.0625,-46.38671875,-1000.0
[1715293997.3130937],-1000.0,-1000.0,-47.8515625,-275.390625
[1715293997.315125],-537.59765625,-631.8359375,-34.1796875,-809.08203125
[1715293997.3190312],-941.40625,995.60546875,-30.2734375,505.37109375
[1715293997.3229375],641.6015625,726.5625,-35.64453125,-1000.0
[1715293997.3268437],-943.359375,-843.26171875,-38.57421875,-422.36328125
[1715293997.33075],-1000.0,-1000.0,-26.3671875,-947.75390625
[1715293997.3346562],444.3359375,250.9765625,-25.87890625,960.9375
[1715293997.3385625],-848.14453125,-789.55078125,-34.1796875,-527.34375
[1715293997.3424687],-199.70703125,10.25390625,-47.8515625,-961.9140625
[1715293997.346375],-1000.0,-1000.0,-51.7578125,562.98828125
[1715293997.3502812],-161.62109375,-241.69921875,-31.25,-794.921875
[1715293997.3541875],-804.6875,-810.05859375,-29.296875,98.6328125
[1715293997.3580937],217.7734375,234.375,-45.41015625,-1000.0
[1715293997.315125],-537.59765625,-631.8359375,-34.1796875,-809.08203125
[1715293997.3190312],-941.40625,995.60546875,-30.2734375,505.37109375
[1715293997.3229375],641.6015625,726.5625,-35.64453125,-1000.0
[1715293997.3268437],-943.359375,-843.26171875,-38.57421875,-422.36328125
[1715293997.33075],-1000.0,-1000.0,-26.3671875,-947.75390625
[1715293997.3346562],444.3359375,250.9765625,-25.87890625,960.9375
[1715293997.3385625],-848.14453125,-789.55078125,-34.1796875,-527.34375
[1715293997.3424687],-199.70703125,10.25390625,-47.8515625,-961.9140625
[1715293997.346375],-1000.0,-1000.0,-51.7578125,562.98828125
[1715293997.3502812],-161.62109375,-241.69921875,-31.25,-794.921875
[1715293997.3541875],-804.6875,-810.05859375,-29.296875,98.6328125
[1715293997.3580937],217.7734375,234.375,-45.41015625,-1000.0
[1715293997.360125],-1000.0,-1000.0,-40.0390625,-127.44140625
[1715293997.3640313],-265.625,-333.49609375,-35.64453125,-768.5546875
[1715293997.3679376],-808.59375,-830.56640625,-40.0390625,215.33203125
[1715293997.3718438],333.0078125,404.78515625,-53.22265625,-1000.0
[1715293997.37575],-1000.0,-1000.0,-53.7109375,-273.4375
[1715293997.3796563],-629.8828125,-639.6484375,-36.1328125,-812.5
[1715293997.3835626],988.76953125,974.12109375,-25.87890625,516.6015625
[1715293997.3874688],774.90234375,838.8671875,-45.41015625,-1000.0
[1715293997.391375],-760.7421875,-654.78515625,-55.17578125,-516.6015625
[1715293997.3952813],-1000.0,-1000.0,-39.55078125,-958.49609375
[1715293997.3991876],188.4765625,54.19921875,-27.83203125,887.6953125
[1715293997.4030938],-804.19921875,-798.828125,-41.50390625,-642.578125
[1715293997.360125],-1000.0,-1000.0,-40.0390625,-127.44140625
[1715293997.3640313],-265.625,-333.49609375,-35.64453125,-768.5546875
[1715293997.3679376],-808.59375,-830.56640625,-40.0390625,215.33203125
[1715293997.3718438],333.0078125,404.78515625,-53.22265625,-1000.0
[1715293997.37575],-1000.0,-1000.0,-53.7109375,-273.4375
[1715293997.3796563],-629.8828125,-639.6484375,-36.1328125,-812.5
[1715293997.3835626],988.76953125,974.12109375,-25.87890625,516.6015625
[1715293997.3874688],774.90234375,838.8671875,-45.41015625,-1000.0
[1715293997.391375],-760.7421875,-654.78515625,-55.17578125,-516.6015625
[1715293997.3952813],-1000.0,-1000.0,-39.55078125,-958.49609375
[1715293997.3991876],188.4765625,54.19921875,-27.83203125,887.6953125
[1715293997.4030938],-804.19921875,-798.828125,-41.50390625,-642.578125
[1715293997.406125],-62.01171875,24.4140625,-62.01171875,-1000.0
[1715293997.4100313],-1000.0,-1000.0,-41.015625,589.35546875
[1715293997.4139376],-233.3984375,-240.72265625,-30.76171875,965.8203125
[1715293997.4178438],-812.5,-806.640625,-33.69140625,-489.2578125
[1715293997.42175],235.3515625,234.86328125,-35.15625,-1000.0
[1715293997.4256563],-1000.0,-1000.0,-32.71484375,-35.15625
[1715293997.4295626],-250.48828125,-250.48828125,-14.6484375,-784.66796875
[1715293997.4334688],-865.72265625,-864.2578125,-34.1796875,210.9375
[1715293997.437375],320.80078125,332.51953125,-56.15234375,-1000.0
[1715293997.4412813],-1000.0,-1000.0,-40.52734375,-263.671875
[1715293997.4451876],-829.58984375,-951.171875,-30.2734375,-807.12890625
[1715293997.4490938],727.5390625,563.96484375,-30.76171875,259.27734375
[1715293997.406125],-62.01171875,24.4140625,-62.01171875,-1000.0
[1715293997.4100313],-1000.0,-1000.0,-41.015625,589.35546875
[1715293997.4139376],-233.3984375,-240.72265625,-30.76171875,965.8203125
[1715293997.4178438],-812.5,-806.640625,-33.69140625,-489.2578125
[1715293997.42175],235.3515625,234.86328125,-35.15625,-1000.0
[1715293997.4256563],-1000.0,-1000.0,-32.71484375,-35.15625
[1715293997.4295626],-250.48828125,-250.48828125,-14.6484375,-784.66796875
[1715293997.4334688],-865.72265625,-864.2578125,-34.1796875,210.9375
[1715293997.437375],320.80078125,332.51953125,-56.15234375,-1000.0
[1715293997.4412813],-1000.0,-1000.0,-40.52734375,-263.671875
[1715293997.4451876],-829.58984375,-951.171875,-30.2734375,-807.12890625
[1715293997.4490938],727.5390625,563.96484375,-30.76171875,259.27734375
[1715293997.451125],981.4453125,-981.93359375,-38.57421875,-1000.0
[1715293997.4550312],-512.6953125,-471.19140625,-38.0859375,-511.71875
[1715293997.4589374],-1000.0,-1000.0,-42.48046875,989.2578125
[1715293997.4628437],42.48046875,-71.77734375,-45.41015625,918.9453125
[1715293997.46675],-785.15625,-794.43359375,-32.2265625,-592.28515625
[1715293997.4706562],124.51171875,215.33203125,-34.66796875,-1000.0
[1715293997.4745624],-1000.0,-1000.0,-39.0625,417.96875
[1715293997.4784687],-253.41796875,-262.6953125,-40.52734375,-789.0625
[1715293997.482375],-808.10546875,-804.6875,-30.76171875,71.77734375
[1715293997.4862812],239.2578125,240.234375,-37.109375,-1000.0
[1715293997.4901874],-1000.0,-1000.0,-43.9453125,-211.42578125
[1715293997.4940937],-437.98828125,-519.04296875,-25.87890625,-792.48046875
[1715293997.497125],-879.39453125,-916.9921875,-27.34375,294.921875
[1715293997.5010312],543.45703125,558.10546875,-48.33984375,-1000.0
[1715293997.5049374],-1000.0,-994.140625,-56.640625,-324.70703125
[1715293997.5088437],-951.171875,-1000.0,-46.38671875,-863.76953125
[1715293997.51275],538.57421875,366.69921875,-28.80859375,714.84375
[1715293997.5166562],-888.671875,-803.7109375,-46.38671875,-885.25390625
[1715293997.5205624],-296.38671875,-51.26953125,-57.6171875,-811.5234375
[1715293997.5244687],-1000.0,-1000.0,-39.0625,743.1640625
[1715293997.528375],-63.96484375,-177.24609375,-20.01953125,-862.3046875
[1715293997.5322812],-795.41015625,-811.03515625,-31.25,-148.92578125
[1715293997.5361874],128.41796875,92.28515625,-58.59375,-1000.0
[1715293997.5400937],-1000.0,-1000.0,-36.1328125,-4.39453125
[1715293997.497125],-879.39453125,-916.9921875,-27.34375,294.921875
[1715293997.5010312],543.45703125,558.10546875,-48.33984375,-1000.0
[1715293997.5049374],-1000.0,-994.140625,-56.640625,-324.70703125
[1715293997.5088437],-951.171875,-1000.0,-46.38671875,-863.76953125
[1715293997.51275],538.57421875,366.69921875,-28.80859375,714.84375
[1715293997.5166562],-888.671875,-803.7109375,-46.38671875,-885.25390625
[1715293997.5205624],-296.38671875,-51.26953125,-57.6171875,-811.5234375
[1715293997.5244687],-1000.0,-1000.0,-39.0625,743.1640625
[1715293997.528375],-63.96484375,-177.24609375,-20.01953125,-862.3046875
[1715293997.5322812],-795.41015625,-811.03515625,-31.25,-148.92578125
[1715293997.5361874],128.41796875,92.28515625,-58.59375,-1000.0
[1715293997.5400937],-1000.0,-1000.0,-36.1328125,-4.39453125
[1715293997.497125],-879.39453125,-916.9921875,-27.34375,294.921875
[1715293997.5010312],543.45703125,558.10546875,-48.33984375,-1000.0
[1715293997.5049374],-1000.0,-994.140625,-56.640625,-324.70703125
[1715293997.5088437],-951.171875,-1000.0,-46.38671875,-863.76953125
[1715293997.51275],538.57421875,366.69921875,-28.80859375,714.84375
[1715293997.5166562],-888.671875,-803.7109375,-46.38671875,-885.25390625
[1715293997.5205624],-296.38671875,-51.26953125,-57.6171875,-811.5234375
[1715293997.5244687],-1000.0,-1000.0,-39.0625,743.1640625
[1715293997.528375],-63.96484375,-177.24609375,-20.01953125,-862.3046875
[1715293997.5322812],-795.41015625,-811.03515625,-31.25,-148.92578125
[1715293997.5361874],128.41796875,92.28515625,-58.59375,-1000.0
[1715293997.5400937],-1000.0,-1000.0,-36.1328125,-4.39453125
[1715293997.556125],-234.375,-235.3515625,-23.92578125,-767.578125
[1715293997.5600312],-870.1171875,-876.46484375,-38.57421875,205.56640625
[1715293997.5639374],190.4296875,224.609375,-55.6640625,-1000.0
[1715293997.5678437],-1000.0,-1000.0,-56.15234375,-274.90234375
[1715293997.57175],-597.65625,-701.171875,-31.25,-813.96484375
[1715293997.5756562],-986.328125,901.3671875,-9.765625,520.01953125
[1715293997.5795624],708.49609375,831.0546875,-27.83203125,-1000.0
[1715293997.5834687],-853.515625,-707.03125,-40.0390625,-518.5546875
[1715293997.587375],-1000.0,-1000.0,-25.390625,-991.69921875
[1715293997.5912812],292.48046875,141.6015625,-23.4375,978.02734375
[1715293997.5951874],-819.82421875,-801.7578125,-45.8984375,-495.60546875
[1715293997.5990937],-145.01953125,-52.734375,-59.5703125,-1000.0
[1715293997.556125],-234.375,-235.3515625,-23.92578125,-767.578125
[1715293997.5600312],-870.1171875,-876.46484375,-38.57421875,205.56640625
[1715293997.5639374],190.4296875,224.609375,-55.6640625,-1000.0
[1715293997.5678437],-1000.0,-1000.0,-56.15234375,-274.90234375
[1715293997.57175],-597.65625,-701.171875,-31.25,-813.96484375
[1715293997.5756562],-986.328125,901.3671875,-9.765625,520.01953125
[1715293997.5795624],708.49609375,831.0546875,-27.83203125,-1000.0
[1715293997.5834687],-853.515625,-707.03125,-40.0390625,-518.5546875
[1715293997.587375],-1000.0,-1000.0,-25.390625,-991.69921875
[1715293997.5912812],292.48046875,141.6015625,-23.4375,978.02734375
[1715293997.5951874],-819.82421875,-801.7578125,-45.8984375,-495.60546875
[1715293997.5990937],-145.01953125,-52.734375,-59.5703125,-1000.0
[1715293997.601125],-1000.0,-1000.0,-42.96875,437.5
[1715293997.6050313],-202.1484375,-233.3984375,-15.13671875,-779.78515625
[1715293997.6089375],-812.01171875,-812.5,-17.578125,98.14453125
[1715293997.6128438],232.421875,235.83984375,-45.41015625,-1000.0
[1715293997.61675],-1000.0,-1000.0,-41.9921875,-129.8828125
[1715293997.6206563],-288.57421875,-298.828125,-26.3671875,-768.06640625
[1715293997.6245625],-816.40625,-830.078125,-37.109375,252.44140625
[1715293997.6284688],388.18359375,557.12890625,-68.359375,-1000.0
[1715293997.632375],-1000.0,-997.55859375,-69.82421875,-278.3203125
[1715293997.6362813],-752.9296875,-923.33984375,-43.45703125,-824.21875
[1715293997.6401875],859.86328125,677.734375,-28.80859375,594.23828125
[1715293997.6440938],856.93359375,953.125,-45.41015625,-1000.0
[1715293997.601125],-1000.0,-1000.0,-42.96875,437.5
[1715293997.6050313],-202.1484375,-233.3984375,-15.13671875,-779.78515625
[1715293997.6089375],-812.01171875,-812.5,-17.578125,98.14453125
[1715293997.6128438],232.421875,235.83984375,-45.41015625,-1000.0
[1715293997.61675],-1000.0,-1000.0,-41.9921875,-129.8828125
[1715293997.6206563],-288.57421875,-298.828125,-26.3671875,-768.06640625
[1715293997.6245625],-816.40625,-830.078125,-37.109375,252.44140625
[1715293997.6284688],388.18359375,557.12890625,-68.359375,-1000.0
[1715293997.632375],-1000.0,-997.55859375,-69.82421875,-278.3203125
[1715293997.6362813],-752.9296875,-923.33984375,-43.45703125,-824.21875
[1715293997.6401875],859.86328125,677.734375,-28.80859375,594.23828125
[1715293997.6440938],856.93359375,953.125,-45.41015625,-1000.0
[1715293997.646125],-680.17578125,-568.84765625,-55.6640625,-609.86328125
[1715293997.6500313],-1000.0,-1000.0,-55.17578125,939.94140625
[1715293997.6539376],127.44140625,38.57421875,-47.8515625,-937.98828125
[1715293997.6578438],-796.875,-790.52734375,-52.734375,-328.61328125
[1715293997.66175],-14.16015625,68.359375,-73.2421875,-1000.0
[1715293997.6656563],-1000.0,-1000.0,-57.6171875,283.203125
[1715293997.6695626],-237.79296875,-226.07421875,-35.64453125,-762.6953125
[1715293997.6734688],-816.89453125,-809.08203125,-47.36328125,151.85546875
[1715293997.677375],241.2109375,257.8125,-58.10546875,-1000.0
[1715293997.6812813],-1000.0,-1000.0,-64.94140625,-221.19140625
[1715293997.6851876],-424.8046875,-525.390625,-53.7109375,-786.1328125
[1715293997.6890938],-871.09375,-922.8515625,-35.15625,297.8515625
[1715293997.646125],-680.17578125,-568.84765625,-55.6640625,-609.86328125
[1715293997.6500313],-1000.0,-1000.0,-55.17578125,939.94140625
[1715293997.6539376],127.44140625,38.57421875,-47.8515625,-937.98828125
[1715293997.6578438],-796.875,-790.52734375,-52.734375,-328.61328125
[1715293997.66175],-14.16015625,68.359375,-73.2421875,-1000.0
[1715293997.6656563],-1000.0,-1000.0,-57.6171875,283.203125
[1715293997.6695626],-237.79296875,-226.07421875,-35.64453125,-762.6953125
[1715293997.6734688],-816.89453125,-809.08203125,-47.36328125,151.85546875
[1715293997.677375],241.2109375,257.8125,-58.10546875,-1000.0
[1715293997.6812813],-1000.0,-1000.0,-64.94140625,-221.19140625
[1715293997.6851876],-424.8046875,-525.390625,-53.7109375,-786.1328125
[1715293997.6890938],-871.09375,-922.8515625,-35.15625,297.8515625
[1715293997.691125],501.46484375,600.09765625,-57.6171875,-1000.0
[1715293997.6950312],-1000.0,-986.81640625,-66.89453125,-309.08203125
[1715293997.6989374],-883.7890625,-989.2578125,-35.64453125,-868.65234375
[1715293997.7028437],666.015625,510.25390625,-27.34375,759.27734375
[1715293997.70675],-978.515625,-895.99609375,-49.31640625,-860.83984375
[1715293997.7106562],-471.19140625,-375.0,-62.5,-720.21484375
[1715293997.7145624],-1000.0,-1000.0,-49.8046875,844.23828125
[1715293997.7184687],78.125,150.390625,-33.69140625,-864.2578125
[1715293997.722375],-784.66796875,-777.83203125,-35.64453125,-129.8828125
[1715293997.7262812],66.40625,43.45703125,-45.41015625,-1000.0
[1715293997.7301874],-1000.0,-1000.0,-41.015625,111.81640625
[1715293997.7340937],-246.58203125,-244.62890625,-30.76171875,-753.90625
[1715293997.691125],501.46484375,600.09765625,-57.6171875,-1000.0
[1715293997.6950312],-1000.0,-986.81640625,-66.89453125,-309.08203125
[1715293997.6989374],-883.7890625,-989.2578125,-35.64453125,-868.65234375
[1715293997.7028437],666.015625,510.25390625,-27.34375,759.27734375
[1715293997.70675],-978.515625,-895.99609375,-49.31640625,-860.83984375
[1715293997.7106562],-471.19140625,-375.0,-62.5,-720.21484375
[1715293997.7145624],-1000.0,-1000.0,-49.8046875,844.23828125
[1715293997.7184687],78.125,150.390625,-33.69140625,-864.2578125
[1715293997.722375],-784.66796875,-777.83203125,-35.64453125,-129.8828125
[1715293997.7262812],66.40625,43.45703125,-45.41015625,-1000.0
[1715293997.7301874],-1000.0,-1000.0,-41.015625,111.81640625
[1715293997.7340937],-246.58203125,-244.62890625,-30.76171875,-753.90625
[1715293997.736125],-815.91796875,-818.84765625,-30.2734375,190.4296875
[1715293997.7400312],243.1640625,244.62890625,-63.4765625,-1000.0
[1715293997.7439375],-1000.0,-1000.0,-70.80078125,-272.94921875
[1715293997.7478437],-523.92578125,-584.9609375,-51.7578125,-800.78125
[1715293997.75175],-939.453125,960.44921875,-44.921875,399.90234375
[1715293997.7556562],662.59765625,898.92578125,-53.22265625,-1000.0
[1715293997.7595625],-906.25,-610.3515625,-45.41015625,-384.765625
[1715293997.7634687],-1000.0,-1000.0,-36.62109375,-910.15625
[1715293997.767375],409.1796875,265.13671875,-40.52734375,847.16796875
[1715293997.7712812],-856.4453125,-816.40625,-47.8515625,-709.9609375
[1715293997.7751875],-236.328125,-156.73828125,-62.5,-902.83203125
[1715293997.7790937],-1000.0,-1000.0,-47.8515625,636.71875
[1715293997.781125],-142.08984375,-206.0546875,-26.85546875,-815.4296875
[1715293997.7850313],-802.24609375,-813.96484375,-37.59765625,-20.99609375
[1715293997.7889376],215.8203125,234.375,-52.24609375,-1000.0
[1715293997.7928438],-1000.0,-1000.0,-41.50390625,-18.06640625
[1715293997.79675],-266.11328125,-302.24609375,-31.73828125,-759.27734375
[1715293997.8006563],-808.59375,-825.1953125,-30.76171875,204.1015625
[1715293997.8045626],337.40234375,504.8828125,-49.31640625,-1000.0
[1715293997.8084688],-1000.0,-1000.0,-63.4765625,-273.92578125
[1715293997.812375],-687.5,-892.08984375,-55.6640625,-810.05859375
[1715293997.8162813],938.96484375,735.3515625,-43.9453125,475.5859375
[1715293997.8201876],767.578125,860.3515625,-56.640625,-1000.0
[1715293997.8240938],-789.0625,-692.87109375,-63.4765625,-514.6484375
[1715293997.781125],-142.08984375,-206.0546875,-26.85546875,-815.4296875
[1715293997.7850313],-802.24609375,-813.96484375,-37.59765625,-20.99609375
[1715293997.7889376],215.8203125,234.375,-52.24609375,-1000.0
[1715293997.7928438],-1000.0,-1000.0,-41.50390625,-18.06640625
[1715293997.79675],-266.11328125,-302.24609375,-31.73828125,-759.27734375
[1715293997.8006563],-808.59375,-825.1953125,-30.76171875,204.1015625
[1715293997.8045626],337.40234375,504.8828125,-49.31640625,-1000.0
[1715293997.8084688],-1000.0,-1000.0,-63.4765625,-273.92578125
[1715293997.812375],-687.5,-892.08984375,-55.6640625,-810.05859375
[1715293997.8162813],938.96484375,735.3515625,-43.9453125,475.5859375
[1715293997.8201876],767.578125,860.3515625,-56.640625,-1000.0
[1715293997.8240938],-789.0625,-692.87109375,-63.4765625,-514.6484375
[1715293997.826125],-1000.0,-1000.0,-48.33984375,-999.51171875
[1715293997.8300312],200.68359375,68.359375,-27.83203125,985.3515625
[1715293997.8339374],-809.5703125,-805.17578125,-39.0625,-478.515625
[1715293997.8378437],-87.40234375,-23.92578125,-64.453125,-1000.0
[1715293997.84175],-1000.0,-1000.0,-64.453125,401.85546875
[1715293997.8456562],-225.5859375,-234.86328125,-51.26953125,-773.92578125
[1715293997.8495624],-816.89453125,-818.359375,-45.8984375,144.53125
[1715293997.8534687],237.79296875,243.1640625,-57.6171875,-1000.0
[1715293997.857375],-1000.0,-1000.0,-49.8046875,-171.38671875
[1715293997.8612812],-349.12109375,-442.87109375,-39.55078125,-773.4375
[1715293997.8651874],-838.8671875,-878.41796875,-40.52734375,238.76953125
[1715293997.8690937],437.5,513.671875,-50.78125,-1000.0
[1715293997.826125],-1000.0,-1000.0,-48.33984375,-999.51171875
[1715293997.8300312],200.68359375,68.359375,-27.83203125,985.3515625
[1715293997.8339374],-809.5703125,-805.17578125,-39.0625,-478.515625
[1715293997.8378437],-87.40234375,-23.92578125,-64.453125,-1000.0
[1715293997.84175],-1000.0,-1000.0,-64.453125,401.85546875
[1715293997.8456562],-225.5859375,-234.86328125,-51.26953125,-773.92578125
[1715293997.8495624],-816.89453125,-818.359375,-45.8984375,144.53125
[1715293997.8534687],237.79296875,243.1640625,-57.6171875,-1000.0
[1715293997.857375],-1000.0,-1000.0,-49.8046875,-171.38671875
[1715293997.8612812],-349.12109375,-442.87109375,-39.55078125,-773.4375
[1715293997.8651874],-838.8671875,-878.41796875,-40.52734375,238.76953125
[1715293997.8690937],437.5,513.671875,-50.78125,-1000.0
[1715293997.886125],-1000.0,-1000.0,-54.6875,-271.97265625
[1715293997.8900313],-789.0625,-881.34765625,-44.921875,-838.8671875
[1715293997.8939376],789.0625,665.52734375,-34.66796875,662.59765625
[1715293997.8978438],956.0546875,-961.9140625,-45.8984375,-966.796875
[1715293997.90175],-555.17578125,-473.14453125,-56.15234375,-664.55078125
[1715293997.9056563],-1000.0,-1000.0,-48.828125,879.8828125
[1715293997.9095626],137.20703125,181.640625,-30.2734375,-877.44140625
[1715293997.9134688],-784.66796875,-779.78515625,-29.78515625,-184.08203125
[1715293997.917375],34.1796875,42.96875,-39.0625,-1000.0
[1715293997.9212813],-1000.0,-1000.0,-48.33984375,217.28515625
[1715293997.9251876],-243.65234375,-245.1171875,-47.8515625,-755.37109375
[1715293997.9290938],-815.4296875,-816.89453125,-40.52734375,171.38671875
[1715293997.886125],-1000.0,-1000.0,-54.6875,-271.97265625
[1715293997.8900313],-789.0625,-881.34765625,-44.921875,-838.8671875
[1715293997.8939376],789.0625,665.52734375,-34.66796875,662.59765625
[1715293997.8978438],956.0546875,-961.9140625,-45.8984375,-966.796875
[1715293997.90175],-555.17578125,-473.14453125,-56.15234375,-664.55078125
[1715293997.9056563],-1000.0,-1000.0,-48.828125,879.8828125
[1715293997.9095626],137.20703125,181.640625,-30.2734375,-877.44140625
[1715293997.9134688],-784.66796875,-779.78515625,-29.78515625,-184.08203125
[1715293997.917375],34.1796875,42.96875,-39.0625,-1000.0
[1715293997.9212813],-1000.0,-1000.0,-48.33984375,217.28515625
[1715293997.9251876],-243.65234375,-245.1171875,-47.8515625,-755.37109375
[1715293997.9290938],-815.4296875,-816.89453125,-40.52734375,171.38671875
[1715293997.931125],241.69921875,244.140625,-56.640625,-1000.0
[1715293997.9350312],-1000.0,-1000.0,-60.546875,-254.39453125
[1715293997.9389374],-465.33203125,-544.43359375,-42.96875,-792.48046875
[1715293997.9428437],-895.5078125,-937.98828125,-42.48046875,326.171875
[1715293997.94675],567.87109375,617.67578125,-59.08203125,-1000.0
[1715293997.9506562],-1000.0,-1000.0,-72.265625,-311.03515625
[1715293997.9545624],-906.73828125,-918.9453125,-56.640625,-875.0
[1715293997.9584687],672.36328125,714.84375,-37.59765625,783.203125
[1715293997.962375],980.95703125,859.375,-55.6640625,-801.7578125
[1715293997.9662812],-506.8359375,-660.64453125,-67.87109375,-821.77734375
[1715293997.9701874],-1000.0,-1000.0,-49.8046875,730.95703125
[1715293997.9740937],-58.59375,-129.39453125,-40.0390625,-833.49609375
[1715293997.931125],241.69921875,244.140625,-56.640625,-1000.0
[1715293997.9350312],-1000.0,-1000.0,-60.546875,-254.39453125
[1715293997.9389374],-465.33203125,-544.43359375,-42.96875,-792.48046875
[1715293997.9428437],-895.5078125,-937.98828125,-42.48046875,326.171875
[1715293997.94675],567.87109375,617.67578125,-59.08203125,-1000.0
[1715293997.9506562],-1000.0,-1000.0,-72.265625,-311.03515625
[1715293997.9545624],-906.73828125,-918.9453125,-56.640625,-875.0
[1715293997.9584687],672.36328125,714.84375,-37.59765625,783.203125
[1715293997.962375],980.95703125,859.375,-55.6640625,-801.7578125
[1715293997.9662812],-506.8359375,-660.64453125,-67.87109375,-821.77734375
[1715293997.9701874],-1000.0,-1000.0,-49.8046875,730.95703125
[1715293997.9740937],-58.59375,-129.39453125,-40.0390625,-833.49609375
[1715293997.976125],-803.22265625,-833.0078125,-58.10546875,-74.21875
[1715293997.9800313],118.1640625,56.640625,-63.96484375,-1000.0
[1715293997.9839375],-1000.0,-1000.0,-51.26953125,66.40625
[1715293997.9878438],-252.9296875,-249.51171875,-46.38671875,-752.9296875
[1715293997.99175],-813.4765625,-824.70703125,-44.43359375,196.2890625
[1715293997.9956563],298.33984375,471.19140625,-59.5703125,-1000.0
[1715293997.9995625],-1000.0,-1000.0,-63.4765625,-270.5078125
[1715293998.0034688],-584.47265625,-671.38671875,-48.33984375,-803.7109375
[1715293998.007375],-966.30859375,-985.83984375,-33.203125,430.17578125
[1715293998.0112813],678.7109375,682.12890625,-50.78125,-1000.0
[1715293998.0151875],-882.32421875,-854.98046875,-61.5234375,-450.1953125
[1715293998.0190938],-1000.0,-1000.0,-41.9921875,-958.49609375
[1715293997.976125],-803.22265625,-833.0078125,-58.10546875,-74.21875
[1715293997.9800313],118.1640625,56.640625,-63.96484375,-1000.0
[1715293997.9839375],-1000.0,-1000.0,-51.26953125,66.40625
[1715293997.9878438],-252.9296875,-249.51171875,-46.38671875,-752.9296875
[1715293997.99175],-813.4765625,-824.70703125,-44.43359375,196.2890625
[1715293997.9956563],298.33984375,471.19140625,-59.5703125,-1000.0
[1715293997.9995625],-1000.0,-1000.0,-63.4765625,-270.5078125
[1715293998.0034688],-584.47265625,-671.38671875,-48.33984375,-803.7109375
[1715293998.007375],-966.30859375,-985.83984375,-33.203125,430.17578125
[1715293998.0112813],678.7109375,682.12890625,-50.78125,-1000.0
[1715293998.0151875],-882.32421875,-854.98046875,-61.5234375,-450.1953125
[1715293998.0190938],-1000.0,-1000.0,-41.9921875,-958.49609375
[1715293998.022125],301.26953125,142.578125,-29.296875,928.22265625
[1715293998.0260313],-817.87109375,-801.7578125,-37.109375,-591.30859375
[1715293998.0299375],-132.8125,-48.33984375,-46.38671875,-961.42578125
[1715293998.0338438],-1000.0,-1000.0,-39.55078125,559.08203125
[1715293998.03775],-201.171875,-233.88671875,-38.57421875,-797.36328125
[1715293998.0416563],-811.03515625,-816.89453125,-45.41015625,58.59375
[1715293998.0455625],232.421875,240.72265625,-57.6171875,-1000.0
[1715293998.0494688],-1000.0,-1000.0,-42.96875,-85.9375
[1715293998.053375],-299.8046875,-388.18359375,-15.625,-763.671875
[1715293998.0572813],-819.82421875,-852.05078125,-24.90234375,208.984375
[1715293998.0611875],381.34765625,445.80078125,-60.05859375,-1000.0
[1715293998.0650938],-1000.0,-1000.0,-56.15234375,-272.94921875
[1715293998.022125],301.26953125,142.578125,-29.296875,928.22265625
[1715293998.0260313],-817.87109375,-801.7578125,-37.109375,-591.30859375
[1715293998.0299375],-132.8125,-48.33984375,-46.38671875,-961.42578125
[1715293998.0338438],-1000.0,-1000.0,-39.55078125,559.08203125
[1715293998.03775],-201.171875,-233.88671875,-38.57421875,-797.36328125
[1715293998.0416563],-811.03515625,-816.89453125,-45.41015625,58.59375
[1715293998.0455625],232.421875,240.72265625,-57.6171875,-1000.0
[1715293998.0494688],-1000.0,-1000.0,-42.96875,-85.9375
[1715293998.053375],-299.8046875,-388.18359375,-15.625,-763.671875
[1715293998.0572813],-819.82421875,-852.05078125,-24.90234375,208.984375
[1715293998.0611875],381.34765625,445.80078125,-60.05859375,-1000.0
[1715293998.0650938],-1000.0,-1000.0,-56.15234375,-272.94921875
[1715293998.066125],-724.609375,-871.58203125,-35.64453125,-823.2421875
[1715293998.0700312],878.41796875,683.59375,-47.8515625,576.171875
[1715293998.0739374],872.55859375,986.328125,-60.546875,-1000.0
[1715293998.0778437],-658.69140625,-519.04296875,-63.4765625,-569.82421875
[1715293998.08175],-1000.0,-1000.0,-49.31640625,937.98828125
[1715293998.0856562],142.08984375,29.296875,-34.66796875,-897.94921875
[1715293998.0895624],-789.0625,-779.78515625,-49.8046875,-250.0
[1715293998.0934687],22.4609375,188.4765625,-62.98828125,-1000.0
[1715293998.097375],-1000.0,-1000.0,-54.19921875,369.140625
[1715293998.1012812],-242.67578125,-262.20703125,-45.41015625,-766.11328125
[1715293998.1051874],-813.4765625,-804.6875,-41.50390625,135.25390625
[1715293998.1090937],239.74609375,240.234375,-52.734375,-1000.0
[1715293998.066125],-724.609375,-871.58203125,-35.64453125,-823.2421875
[1715293998.0700312],878.41796875,683.59375,-47.8515625,576.171875
[1715293998.0739374],872.55859375,986.328125,-60.546875,-1000.0
[1715293998.0778437],-658.69140625,-519.04296875,-63.4765625,-569.82421875
[1715293998.08175],-1000.0,-1000.0,-49.31640625,937.98828125
[1715293998.0856562],142.08984375,29.296875,-34.66796875,-897.94921875
[1715293998.0895624],-789.0625,-779.78515625,-49.8046875,-250.0
[1715293998.0934687],22.4609375,188.4765625,-62.98828125,-1000.0
[1715293998.097375],-1000.0,-1000.0,-54.19921875,369.140625
[1715293998.1012812],-242.67578125,-262.20703125,-45.41015625,-766.11328125
[1715293998.1051874],-813.4765625,-804.6875,-41.50390625,135.25390625
[1715293998.1090937],239.74609375,240.234375,-52.734375,-1000.0
[1715293998.111125],-1000.0,-1000.0,-47.8515625,-211.42578125
[1715293998.1150312],-404.78515625,-493.65234375,-35.15625,-784.1796875
[1715293998.1189375],-864.2578125,-911.62109375,-36.1328125,284.1796875
[1715293998.1228437],506.8359375,604.00390625,-49.8046875,-1000.0
[1715293998.12675],-1000.0,-1000.0,-54.6875,-296.38671875
[1715293998.1306562],-804.19921875,-770.01953125,-41.50390625,-846.6796875
[1715293998.1345625],776.3671875,847.65625,-32.2265625,679.6875
[1715293998.1384687],982.91015625,942.3828125,-36.62109375,-947.75390625
[1715293998.142375],-487.3046875,-504.39453125,-43.45703125,-689.94140625
[1715293998.1462812],-1000.0,-1000.0,-37.109375,863.76953125
[1715293998.1501875],-7.8125,-119.62890625,-17.08984375,-881.8359375
[1715293998.1540937],-792.48046875,-810.05859375,-31.73828125,-184.5703125
[1715293998.156125],130.859375,178.22265625,-72.75390625,-1000.0
[1715293998.1600313],-1000.0,-1000.0,-55.6640625,173.828125
[1715293998.1639376],-252.9296875,-257.32421875,-18.5546875,-804.6875
[1715293998.1678438],-811.5234375,-805.6640625,-23.92578125,31.73828125
[1715293998.17175],241.69921875,274.90234375,-45.8984375,-1000.0
[1715293998.1756563],-1000.0,-1000.0,-42.48046875,-84.47265625
[1715293998.1795626],-526.3671875,-475.09765625,-41.015625,878.41796875
[1715293998.1834688],-939.94140625,-916.50390625,-40.0390625,-589.84375
[1715293998.187375],663.57421875,681.640625,-38.57421875,-1000.0
[1715293998.1912813],-803.22265625,-754.8828125,-35.64453125,-159.1796875
[1715293998.1951876],-1000.0,-1000.0,-33.203125,-928.7109375
[1715293998.1990938],-136.71875,-224.609375,-27.83203125,-188.96484375
[1715293998.156125],130.859375,178.22265625,-72.75390625,-1000.0
[1715293998.1600313],-1000.0,-1000.0,-55.6640625,173.828125
[1715293998.1639376],-252.9296875,-257.32421875,-18.5546875,-804.6875
[1715293998.1678438],-811.5234375,-805.6640625,-23.92578125,31.73828125
[1715293998.17175],241.69921875,274.90234375,-45.8984375,-1000.0
[1715293998.1756563],-1000.0,-1000.0,-42.48046875,-84.47265625
[1715293998.1795626],-526.3671875,-475.09765625,-41.015625,878.41796875
[1715293998.1834688],-939.94140625,-916.50390625,-40.0390625,-589.84375
[1715293998.187375],663.57421875,681.640625,-38.57421875,-1000.0
[1715293998.1912813],-803.22265625,-754.8828125,-35.64453125,-159.1796875
[1715293998.1951876],-1000.0,-1000.0,-33.203125,-928.7109375
[1715293998.1990938],-136.71875,-224.609375,-27.83203125,-188.96484375
[1715293998.156125],130.859375,178.22265625,-72.75390625,-1000.0
[1715293998.1600313],-1000.0,-1000.0,-55.6640625,173.828125
[1715293998.1639376],-252.9296875,-257.32421875,-18.5546875,-804.6875
[1715293998.1678438],-811.5234375,-805.6640625,-23.92578125,31.73828125
[1715293998.17175],241.69921875,274.90234375,-45.8984375,-1000.0
[1715293998.1756563],-1000.0,-1000.0,-42.48046875,-84.47265625
[1715293998.1795626],-526.3671875,-475.09765625,-41.015625,878.41796875
[1715293998.1834688],-939.94140625,-916.50390625,-40.0390625,-589.84375
[1715293998.187375],663.57421875,681.640625,-38.57421875,-1000.0
[1715293998.1912813],-803.22265625,-754.8828125,-35.64453125,-159.1796875
[1715293998.1951876],-1000.0,-1000.0,-33.203125,-928.7109375
[1715293998.1990938],-136.71875,-224.609375,-27.83203125,-188.96484375
[1715293998.202125],-880.859375,-871.09375,-23.4375,-1000.0
[1715293998.2060313],-29.78515625,68.359375,-20.5078125,-399.90234375
[1715293998.2099376],-1000.0,-1000.0,-22.4609375,-911.1328125
[1715293998.2138438],-418.45703125,-809.08203125,-41.015625,258.30078125
[1715293998.21775],-890.13671875,561.03515625,-42.96875,-1000.0
[1715293998.2216563],263.18359375,-927.734375,-26.85546875,-722.65625
[1715293998.2255626],-1000.0,908.69140625,-26.3671875,927.734375
[1715293998.2294688],-201.66015625,914.0625,-53.7109375,410.15625
[1715293998.233375],-788.0859375,-889.6484375,-57.6171875,-1000.0
[1715293998.2372813],250.9765625,254.39453125,-44.43359375,-1000.0
[1715293998.2411876],-1000.0,-971.19140625,-38.0859375,92.7734375
[1715293998.2450938],-866.69921875,-1000.0,-39.0625,810.05859375
[1715293998.202125],-880.859375,-871.09375,-23.4375,-1000.0
[1715293998.2060313],-29.78515625,68.359375,-20.5078125,-399.90234375
[1715293998.2099376],-1000.0,-1000.0,-22.4609375,-911.1328125
[1715293998.2138438],-418.45703125,-809.08203125,-41.015625,258.30078125
[1715293998.21775],-890.13671875,561.03515625,-42.96875,-1000.0
[1715293998.2216563],263.18359375,-927.734375,-26.85546875,-722.65625
[1715293998.2255626],-1000.0,908.69140625,-26.3671875,927.734375
[1715293998.2294688],-201.66015625,914.0625,-53.7109375,410.15625
[1715293998.233375],-788.0859375,-889.6484375,-57.6171875,-1000.0
[1715293998.2372813],250.9765625,254.39453125,-44.43359375,-1000.0
[1715293998.2411876],-1000.0,-971.19140625,-38.0859375,92.7734375
[1715293998.2450938],-866.69921875,-1000.0,-39.0625,810.05859375
[1715293998.246125],541.015625,-497.55859375,-39.55078125,-707.03125
[1715293998.2500312],966.796875,879.39453125,-49.31640625,-1000.0
[1715293998.2539375],-763.18359375,983.3984375,-41.015625,-199.70703125
[1715293998.2578437],-588.8671875,907.71484375,-40.52734375,-863.28125
[1715293998.26175],964.35546875,931.640625,-48.33984375,71.2890625
[1715293998.2656562],-924.31640625,-898.92578125,-37.109375,-1000.0
[1715293998.2695625],-60.05859375,121.09375,-36.1328125,-463.8671875
[1715293998.2734687],-1000.0,-1000.0,-18.06640625,-911.1328125
[1715293998.277375],-701.171875,-974.609375,-26.85546875,258.7890625
[1715293998.2812812],862.3046875,-981.4453125,-46.38671875,-1000.0
[1715293998.2851875],162.109375,-940.4296875,-33.203125,-950.68359375
[1715293998.2890937],-1000.0,-1000.0,-26.3671875,628.41796875
[1715293998.246125],541.015625,-497.55859375,-39.55078125,-707.03125
[1715293998.2500312],966.796875,879.39453125,-49.31640625,-1000.0
[1715293998.2539375],-763.18359375,983.3984375,-41.015625,-199.70703125
[1715293998.2578437],-588.8671875,907.71484375,-40.52734375,-863.28125
[1715293998.26175],964.35546875,931.640625,-48.33984375,71.2890625
[1715293998.2656562],-924.31640625,-898.92578125,-37.109375,-1000.0
[1715293998.2695625],-60.05859375,121.09375,-36.1328125,-463.8671875
[1715293998.2734687],-1000.0,-1000.0,-18.06640625,-911.1328125
[1715293998.277375],-701.171875,-974.609375,-26.85546875,258.7890625
[1715293998.2812812],862.3046875,-981.4453125,-46.38671875,-1000.0
[1715293998.2851875],162.109375,-940.4296875,-33.203125,-950.68359375
[1715293998.2890937],-1000.0,-1000.0,-26.3671875,628.41796875
[1715293998.306125],-254.8828125,-329.58984375,-41.015625,611.328125
[1715293998.3100312],-832.03125,-885.7421875,-49.8046875,-939.94140625
[1715293998.3139374],491.69921875,697.265625,-36.62109375,-1000.0
[1715293998.3178437],-1000.0,-934.08203125,-20.5078125,-52.24609375
[1715293998.32175],-720.703125,-773.92578125,-26.85546875,-918.45703125
[1715293998.3256562],851.5625,760.25390625,-39.0625,-264.6484375
[1715293998.3295624],-995.1171875,-848.6328125,-40.0390625,-1000.0
[1715293998.3334687],-420.41015625,-44.43359375,-26.85546875,-203.125
[1715293998.337375],-1000.0,-1000.0,-29.78515625,-848.14453125
[1715293998.3412812],113.76953125,-960.9375,-38.57421875,120.60546875
[1715293998.3451874],-903.80859375,-974.12109375,-33.203125,-1000.0
[1715293998.3490937],-337.40234375,-958.49609375,-14.6484375,-559.08203125
[1715293998.306125],-254.8828125,-329.58984375,-41.015625,611.328125
[1715293998.3100312],-832.03125,-885.7421875,-49.8046875,-939.94140625
[1715293998.3139374],491.69921875,697.265625,-36.62109375,-1000.0
[1715293998.3178437],-1000.0,-934.08203125,-20.5078125,-52.24609375
[1715293998.32175],-720.703125,-773.92578125,-26.85546875,-918.45703125
[1715293998.3256562],851.5625,760.25390625,-39.0625,-264.6484375
[1715293998.3295624],-995.1171875,-848.6328125,-40.0390625,-1000.0
[1715293998.3334687],-420.41015625,-44.43359375,-26.85546875,-203.125
[1715293998.337375],-1000.0,-1000.0,-29.78515625,-848.14453125
[1715293998.3412812],113.76953125,-960.9375,-38.57421875,120.60546875
[1715293998.3451874],-903.80859375,-974.12109375,-33.203125,-1000.0
[1715293998.3490937],-337.40234375,-958.49609375,-14.6484375,-559.08203125
[1715293998.351125],-1000.0,-1000.0,-11.23046875,-950.68359375
[1715293998.3550313],-90.33203125,-105.95703125,-29.296875,297.36328125
[1715293998.3589375],-794.921875,-777.34375,-34.66796875,-1000.0
[1715293998.3628438],217.7734375,353.02734375,-45.8984375,-1000.0
[1715293998.36675],-1000.0,-1000.0,-41.9921875,359.375
[1715293998.3706563],-273.4375,-232.421875,-33.203125,762.6953125
[1715293998.3745625],-823.2421875,-885.7421875,-39.0625,-807.12890625
[1715293998.3784688],564.453125,886.23046875,-43.45703125,-1000.0
[1715293998.382375],-950.1953125,-457.03125,-27.83203125,-135.25390625
[1715293998.3862813],-1000.0,-1000.0,-28.80859375,-942.3828125
[1715293998.3901875],621.58203125,-940.91796875,-53.7109375,-252.44140625
[1715293998.3940938],716.796875,-981.4453125,-55.6640625,-1000.0
[1715293998.351125],-1000.0,-1000.0,-11.23046875,-950.68359375
[1715293998.3550313],-90.33203125,-105.95703125,-29.296875,297.36328125
[1715293998.3589375],-794.921875,-777.34375,-34.66796875,-1000.0
[1715293998.3628438],217.7734375,353.02734375,-45.8984375,-1000.0
[1715293998.36675],-1000.0,-1000.0,-41.9921875,359.375
[1715293998.3706563],-273.4375,-232.421875,-33.203125,762.6953125
[1715293998.3745625],-823.2421875,-885.7421875,-39.0625,-807.12890625
[1715293998.3784688],564.453125,886.23046875,-43.45703125,-1000.0
[1715293998.382375],-950.1953125,-457.03125,-27.83203125,-135.25390625
[1715293998.3862813],-1000.0,-1000.0,-28.80859375,-942.3828125
[1715293998.3901875],621.58203125,-940.91796875,-53.7109375,-252.44140625
[1715293998.3940938],716.796875,-981.4453125,-55.6640625,-1000.0
[1715293998.396125],-895.01953125,-984.375,-43.45703125,-253.41796875
[1715293998.4000313],-1000.0,-1000.0,-24.4140625,-853.02734375
[1715293998.4039376],156.25,115.234375,-23.92578125,246.58203125
[1715293998.4078438],-773.4375,-749.51171875,-39.55078125,-1000.0
[1715293998.41175],167.48046875,178.7109375,-35.64453125,-754.8828125
[1715293998.4156563],-1000.0,-1000.0,-18.5546875,898.4375
[1715293998.4195626],-226.07421875,-125.9765625,-24.4140625,419.921875
[1715293998.4234688],-796.38671875,-771.97265625,-47.36328125,-1000.0
[1715293998.427375],271.484375,345.703125,-52.24609375,-1000.0
[1715293998.4312813],-1000.0,-1000.0,-24.90234375,185.05859375
[1715293998.4351876],-535.15625,-668.45703125,-18.06640625,848.6328125
[1715293998.4390938],-942.87109375,982.91015625,-39.0625,-685.05859375
[1715293998.396125],-895.01953125,-984.375,-43.45703125,-253.41796875
[1715293998.4000313],-1000.0,-1000.0,-24.4140625,-853.02734375
[1715293998.4039376],156.25,115.234375,-23.92578125,246.58203125
[1715293998.4078438],-773.4375,-749.51171875,-39.55078125,-1000.0
[1715293998.41175],167.48046875,178.7109375,-35.64453125,-754.8828125
[1715293998.4156563],-1000.0,-1000.0,-18.5546875,898.4375
[1715293998.4195626],-226.07421875,-125.9765625,-24.4140625,419.921875
[1715293998.4234688],-796.38671875,-771.97265625,-47.36328125,-1000.0
[1715293998.427375],271.484375,345.703125,-52.24609375,-1000.0
[1715293998.4312813],-1000.0,-1000.0,-24.90234375,185.05859375
[1715293998.4351876],-535.15625,-668.45703125,-18.06640625,848.6328125
[1715293998.4390938],-942.87109375,982.91015625,-39.0625,-685.05859375
[1715293998.441125],670.41015625,721.19140625,-40.0390625,-1000.0
[1715293998.4450312],-902.34375,-828.125,-28.80859375,-188.4765625
[1715293998.4489374],-1000.0,-1000.0,-28.3203125,-877.44140625
[1715293998.4528437],395.01953125,152.34375,-37.59765625,-30.2734375
[1715293998.45675],-789.0625,-734.375,-49.31640625,-1000.0
[1715293998.4606562],-271.484375,-226.5625,-55.17578125,-374.51171875
[1715293998.4645624],-1000.0,-791.9921875,-39.0625,-881.34765625
[1715293998.4684687],496.09375,766.11328125,-40.52734375,249.0234375
[1715293998.472375],-780.2734375,-812.98828125,-52.24609375,-1000.0
[1715293998.4762812],178.22265625,126.46484375,-45.8984375,-919.43359375
[1715293998.4801874],-1000.0,-1000.0,-33.203125,682.12890625
[1715293998.4840937],-297.36328125,-959.9609375,-41.50390625,455.56640625
[1715293998.441125],670.41015625,721.19140625,-40.0390625,-1000.0
[1715293998.4450312],-902.34375,-828.125,-28.80859375,-188.4765625
[1715293998.4489374],-1000.0,-1000.0,-28.3203125,-877.44140625
[1715293998.4528437],395.01953125,152.34375,-37.59765625,-30.2734375
[1715293998.45675],-789.0625,-734.375,-49.31640625,-1000.0
[1715293998.4606562],-271.484375,-226.5625,-55.17578125,-374.51171875
[1715293998.4645624],-1000.0,-791.9921875,-39.0625,-881.34765625
[1715293998.4684687],496.09375,766.11328125,-40.52734375,249.0234375
[1715293998.472375],-780.2734375,-812.98828125,-52.24609375,-1000.0
[1715293998.4762812],178.22265625,126.46484375,-45.8984375,-919.43359375
[1715293998.4801874],-1000.0,-1000.0,-33.203125,682.12890625
[1715293998.4840937],-297.36328125,-959.9609375,-41.50390625,455.56640625
[1715293998.487125],-818.359375,-977.5390625,-55.6640625,-1000.0
[1715293998.4910312],245.60546875,-938.4765625,-45.8984375,-1000.0
[1715293998.4949374],-1000.0,-1000.0,-31.73828125,28.80859375
[1715293998.4988437],-547.36328125,-613.76953125,-31.25,-958.0078125
[1715293998.50275],960.44921875,776.85546875,-35.15625,-377.44140625
[1715293998.5066562],944.3359375,-823.73046875,-37.109375,-1000.0
[1715293998.5105624],-518.5546875,139.6484375,-28.80859375,-199.21875
[1715293998.5144687],-1000.0,-1000.0,-23.92578125,-855.95703125
[1715293998.518375],190.4296875,-38.57421875,-46.38671875,89.84375
[1715293998.5222812],-786.62109375,-752.44140625,-54.6875,-1000.0
[1715293998.5261874],7.32421875,144.53125,-34.1796875,-534.66796875
[1715293998.5300937],-1000.0,-1000.0,-30.2734375,-944.3359375
[1715293998.531125],-216.796875,-255.859375,-33.69140625,261.71875
[1715293998.5350313],-803.7109375,-804.6875,-45.8984375,-1000.0
[1715293998.5389376],232.421875,238.28125,-57.6171875,-1000.0
[1715293998.5428438],-1000.0,-1000.0,-36.62109375,437.5
[1715293998.54675],-323.73046875,-374.0234375,-41.50390625,704.58984375
[1715293998.5506563],-835.9375,-979.00390625,-49.31640625,-863.76953125
[1715293998.5545626],530.2734375,980.46875,-41.50390625,-1000.0
[1715293998.5584688],-1000.0,-366.2109375,-32.71484375,-99.609375
[1715293998.562375],-889.6484375,-1000.0,-31.73828125,-976.07421875
[1715293998.5662813],800.78125,-938.4765625,-52.734375,-330.078125
[1715293998.5701876],643.06640625,-991.2109375,-57.6171875,-1000.0
[1715293998.5740938],-933.10546875,-959.47265625,-41.50390625,-220.703125
[1715293998.531125],-216.796875,-255.859375,-33.69140625,261.71875
[1715293998.5350313],-803.7109375,-804.6875,-45.8984375,-1000.0
[1715293998.5389376],232.421875,238.28125,-57.6171875,-1000.0
[1715293998.5428438],-1000.0,-1000.0,-36.62109375,437.5
[1715293998.54675],-323.73046875,-374.0234375,-41.50390625,704.58984375
[1715293998.5506563],-835.9375,-979.00390625,-49.31640625,-863.76953125
[1715293998.5545626],530.2734375,980.46875,-41.50390625,-1000.0
[1715293998.5584688],-1000.0,-366.2109375,-32.71484375,-99.609375
[1715293998.562375],-889.6484375,-1000.0,-31.73828125,-976.07421875
[1715293998.5662813],800.78125,-938.4765625,-52.734375,-330.078125
[1715293998.5701876],643.06640625,-991.2109375,-57.6171875,-1000.0
[1715293998.5740938],-933.10546875,-959.47265625,-41.50390625,-220.703125
[1715293998.576125],-1000.0,-1000.0,-33.203125,-845.703125
[1715293998.5800312],114.2578125,-56.15234375,-47.36328125,236.328125
[1715293998.5839374],-781.73828125,-770.99609375,-36.62109375,-1000.0
[1715293998.5878437],141.11328125,206.0546875,-22.4609375,-684.08203125
[1715293998.59175],-1000.0,-1000.0,-27.34375,967.28515625
[1715293998.5956562],-252.44140625,-267.578125,-37.109375,363.28125
[1715293998.5995624],-805.6640625,-805.6640625,-43.45703125,-1000.0
[1715293998.6034687],238.28125,298.828125,-53.7109375,-1000.0
[1715293998.607375],-1000.0,-1000.0,-37.59765625,291.50390625
[1715293998.6112812],-459.47265625,-601.07421875,-39.55078125,759.765625
[1715293998.6151874],-898.4375,-980.95703125,-43.45703125,-801.26953125
[1715293998.6190937],596.6796875,708.984375,-42.48046875,-1000.0
[1715293998.576125],-1000.0,-1000.0,-33.203125,-845.703125
[1715293998.5800312],114.2578125,-56.15234375,-47.36328125,236.328125
[1715293998.5839374],-781.73828125,-770.99609375,-36.62109375,-1000.0
[1715293998.5878437],141.11328125,206.0546875,-22.4609375,-684.08203125
[1715293998.59175],-1000.0,-1000.0,-27.34375,967.28515625
[1715293998.5956562],-252.44140625,-267.578125,-37.109375,363.28125
[1715293998.5995624],-805.6640625,-805.6640625,-43.45703125,-1000.0
[1715293998.6034687],238.28125,298.828125,-53.7109375,-1000.0
[1715293998.607375],-1000.0,-1000.0,-37.59765625,291.50390625
[1715293998.6112812],-459.47265625,-601.07421875,-39.55078125,759.765625
[1715293998.6151874],-898.4375,-980.95703125,-43.45703125,-801.26953125
[1715293998.6190937],596.6796875,708.984375,-42.48046875,-1000.0
[1715293998.621125],-982.421875,-837.890625,-40.52734375,-181.640625
[1715293998.6250312],-957.03125,-1000.0,-37.59765625,-899.4140625
[1715293998.6289375],515.13671875,196.77734375,-46.38671875,-110.83984375
[1715293998.6328437],-816.89453125,-736.328125,-49.31640625,-1000.0
[1715293998.63675],-323.73046875,-228.02734375,-50.78125,-338.8671875
[1715293998.6406562],-1000.0,-811.03515625,-39.55078125,-875.48828125
[1715293998.6445625],512.20703125,747.55859375,-29.78515625,249.0234375
[1715293998.6484687],-784.1796875,-818.359375,-46.38671875,-1000.0
[1715293998.652375],150.87890625,181.15234375,-51.7578125,-873.53515625
[1715293998.6562812],-1000.0,-1000.0,-26.85546875,748.046875
[1715293998.6601875],-265.13671875,-411.1328125,-40.0390625,413.57421875
[1715293998.6640937],-808.59375,-864.2578125,-51.7578125,-1000.0
[1715293998.621125],-982.421875,-837.890625,-40.52734375,-181.640625
[1715293998.6250312],-957.03125,-1000.0,-37.59765625,-899.4140625
[1715293998.6289375],515.13671875,196.77734375,-46.38671875,-110.83984375
[1715293998.6328437],-816.89453125,-736.328125,-49.31640625,-1000.0
[1715293998.63675],-323.73046875,-228.02734375,-50.78125,-338.8671875
[1715293998.6406562],-1000.0,-811.03515625,-39.55078125,-875.48828125
[1715293998.6445625],512.20703125,747.55859375,-29.78515625,249.0234375
[1715293998.6484687],-784.1796875,-818.359375,-46.38671875,-1000.0
[1715293998.652375],150.87890625,181.15234375,-51.7578125,-873.53515625
[1715293998.6562812],-1000.0,-1000.0,-26.85546875,748.046875
[1715293998.6601875],-265.13671875,-411.1328125,-40.0390625,413.57421875
[1715293998.6640937],-808.59375,-864.2578125,-51.7578125,-1000.0
[1715293998.681125],298.33984375,383.30078125,-50.78125,-1000.0
[1715293998.6850312],-1000.0,-1000.0,-41.50390625,83.49609375
[1715293998.6889374],-588.8671875,-765.625,-41.015625,892.08984375
[1715293998.6928437],-990.72265625,825.1953125,-50.78125,-606.4453125
[1715293998.69675],757.8125,886.23046875,-45.8984375,-1000.0
[1715293998.7006562],-808.59375,-664.0625,-38.0859375,-200.1953125
[1715293998.7045624],-1000.0,-1000.0,-31.73828125,-859.86328125
[1715293998.7084687],343.26171875,173.33984375,-48.33984375,92.28515625
[1715293998.712375],-812.98828125,-791.50390625,-54.19921875,-1000.0
[1715293998.7162812],-100.09765625,-6.8359375,-54.19921875,-487.3046875
[1715293998.7201874],-1000.0,-1000.0,-40.0390625,-918.9453125
[1715293998.7240937],-192.87109375,-238.76953125,-22.4609375,257.8125
[1715293998.681125],298.33984375,383.30078125,-50.78125,-1000.0
[1715293998.6850312],-1000.0,-1000.0,-41.50390625,83.49609375
[1715293998.6889374],-588.8671875,-765.625,-41.015625,892.08984375
[1715293998.6928437],-990.72265625,825.1953125,-50.78125,-606.4453125
[1715293998.69675],757.8125,886.23046875,-45.8984375,-1000.0
[1715293998.7006562],-808.59375,-664.0625,-38.0859375,-200.1953125
[1715293998.7045624],-1000.0,-1000.0,-31.73828125,-859.86328125
[1715293998.7084687],343.26171875,173.33984375,-48.33984375,92.28515625
[1715293998.712375],-812.98828125,-791.50390625,-54.19921875,-1000.0
[1715293998.7162812],-100.09765625,-6.8359375,-54.19921875,-487.3046875
[1715293998.7201874],-1000.0,-1000.0,-40.0390625,-918.9453125
[1715293998.7240937],-192.87109375,-238.76953125,-22.4609375,257.8125
[1715293998.741125],-806.640625,-815.4296875,-34.66796875,-1000.0
[1715293998.7450314],230.95703125,241.69921875,-44.43359375,-992.67578125
[1715293998.7489376],-1000.0,-1000.0,-32.71484375,562.98828125
[1715293998.7528439],-311.03515625,-420.8984375,-36.62109375,593.26171875
[1715293998.75675],-824.70703125,-887.20703125,-43.9453125,-973.14453125
[1715293998.7606564],467.7734375,680.6640625,-44.43359375,-1000.0
[1715293998.7645626],-1000.0,-1000.0,-35.15625,-7.8125
[1715293998.7684689],-596.6796875,-584.9609375,-25.390625,-915.0390625
[1715293998.772375],993.1640625,-978.515625,-32.2265625,-201.171875
[1715293998.7762814],883.30078125,913.0859375,-43.9453125,-1000.0
[1715293998.7801876],-593.26171875,-499.51171875,-44.921875,-276.85546875
[1715293998.7840939],-1000.0,-1000.0,-28.80859375,-856.93359375
[1715293998.741125],-806.640625,-815.4296875,-34.66796875,-1000.0
[1715293998.7450314],230.95703125,241.69921875,-44.43359375,-992.67578125
[1715293998.7489376],-1000.0,-1000.0,-32.71484375,562.98828125
[1715293998.7528439],-311.03515625,-420.8984375,-36.62109375,593.26171875
[1715293998.75675],-824.70703125,-887.20703125,-43.9453125,-973.14453125
[1715293998.7606564],467.7734375,680.6640625,-44.43359375,-1000.0
[1715293998.7645626],-1000.0,-1000.0,-35.15625,-7.8125
[1715293998.7684689],-596.6796875,-584.9609375,-25.390625,-915.0390625
[1715293998.772375],993.1640625,-978.515625,-32.2265625,-201.171875
[1715293998.7762814],883.30078125,913.0859375,-43.9453125,-1000.0
[1715293998.7801876],-593.26171875,-499.51171875,-44.921875,-276.85546875
[1715293998.7840939],-1000.0,-1000.0,-28.80859375,-856.93359375
[1715293998.741125],-806.640625,-815.4296875,-34.66796875,-1000.0
[1715293998.7450314],230.95703125,241.69921875,-44.43359375,-992.67578125
[1715293998.7489376],-1000.0,-1000.0,-32.71484375,562.98828125
[1715293998.7528439],-311.03515625,-420.8984375,-36.62109375,593.26171875
[1715293998.75675],-824.70703125,-887.20703125,-43.9453125,-973.14453125
[1715293998.7606564],467.7734375,680.6640625,-44.43359375,-1000.0
[1715293998.7645626],-1000.0,-1000.0,-35.15625,-7.8125
[1715293998.7684689],-596.6796875,-584.9609375,-25.390625,-915.0390625
[1715293998.772375],993.1640625,-978.515625,-32.2265625,-201.171875
[1715293998.7762814],883.30078125,913.0859375,-43.9453125,-1000.0
[1715293998.7801876],-593.26171875,-499.51171875,-44.921875,-276.85546875
[1715293998.7840939],-1000.0,-1000.0,-28.80859375,-856.93359375
[1715293998.771125],150.390625,16.11328125,-30.76171875,241.69921875
[1715293998.7750313],-785.15625,-783.203125,-53.7109375,-1000.0
[1715293998.7789376],44.43359375,166.015625,-72.265625,-776.3671875
[1715293998.7828438],-1000.0,-1000.0,-47.8515625,864.74609375
[1715293998.78675],-245.1171875,-267.578125,-34.66796875,494.62890625
[1715293998.7906563],-812.01171875,-809.5703125,-50.78125,-998.53515625
[1715293998.7945626],239.2578125,416.015625,-57.12890625,-1000.0
[1715293998.7984688],-1000.0,-1000.0,-38.0859375,168.9453125
[1715293998.802375],-407.2265625,-586.9140625,-26.3671875,921.38671875
[1715293998.8062813],-869.62890625,-930.17578125,-43.45703125,-574.21875
[1715293998.8101876],555.6640625,607.91015625,-67.3828125,-1000.0
[1715293998.8140938],-1000.0,-970.703125,-53.22265625,-209.9609375
[1715293998.771125],150.390625,16.11328125,-30.76171875,241.69921875
[1715293998.7750313],-785.15625,-783.203125,-53.7109375,-1000.0
[1715293998.7789376],44.43359375,166.015625,-72.265625,-776.3671875
[1715293998.7828438],-1000.0,-1000.0,-47.8515625,864.74609375
[1715293998.78675],-245.1171875,-267.578125,-34.66796875,494.62890625
[1715293998.7906563],-812.01171875,-809.5703125,-50.78125,-998.53515625
[1715293998.7945626],239.2578125,416.015625,-57.12890625,-1000.0
[1715293998.7984688],-1000.0,-1000.0,-38.0859375,168.9453125
[1715293998.802375],-407.2265625,-586.9140625,-26.3671875,921.38671875
[1715293998.8062813],-869.62890625,-930.17578125,-43.45703125,-574.21875
[1715293998.8101876],555.6640625,607.91015625,-67.3828125,-1000.0
[1715293998.8140938],-1000.0,-970.703125,-53.22265625,-209.9609375
[1715293998.771125],150.390625,16.11328125,-30.76171875,241.69921875
[1715293998.7750313],-785.15625,-783.203125,-53.7109375,-1000.0
[1715293998.7789376],44.43359375,166.015625,-72.265625,-776.3671875
[1715293998.7828438],-1000.0,-1000.0,-47.8515625,864.74609375
[1715293998.78675],-245.1171875,-267.578125,-34.66796875,494.62890625
[1715293998.7906563],-812.01171875,-809.5703125,-50.78125,-998.53515625
[1715293998.7945626],239.2578125,416.015625,-57.12890625,-1000.0
[1715293998.7984688],-1000.0,-1000.0,-38.0859375,168.9453125
[1715293998.802375],-407.2265625,-586.9140625,-26.3671875,921.38671875
[1715293998.8062813],-869.62890625,-930.17578125,-43.45703125,-574.21875
[1715293998.8101876],555.6640625,607.91015625,-67.3828125,-1000.0
[1715293998.8140938],-1000.0,-970.703125,-53.22265625,-209.9609375
[1715293998.816125],-903.3203125,-1000.0,-24.4140625,-850.5859375
[1715293998.8200312],614.74609375,399.90234375,-31.73828125,176.7578125
[1715293998.8239374],-895.01953125,-816.40625,-46.875,-1000.0
[1715293998.8278437],-313.4765625,-166.015625,-43.45703125,-478.515625
[1715293998.83175],-1000.0,-1000.0,-27.34375,959.9609375
[1715293998.8356562],12.20703125,-23.92578125,-21.97265625,-991.2109375
[1715293998.8395624],-776.3671875,-772.4609375,-39.0625,-425.29296875
[1715293998.8434687],184.08203125,209.47265625,-56.15234375,-1000.0
[1715293998.847375],-1000.0,-1000.0,-45.41015625,540.52734375
[1715293998.8512812],-261.71875,-287.59765625,-28.80859375,655.76171875
[1715293998.8551874],-806.640625,-814.453125,-9.765625,-884.765625
[1715293998.8590937],252.44140625,277.34375,-20.99609375,-1000.0
[1715293998.816125],-903.3203125,-1000.0,-24.4140625,-850.5859375
[1715293998.8200312],614.74609375,399.90234375,-31.73828125,176.7578125
[1715293998.8239374],-895.01953125,-816.40625,-46.875,-1000.0
[1715293998.8278437],-313.4765625,-166.015625,-43.45703125,-478.515625
[1715293998.83175],-1000.0,-1000.0,-27.34375,959.9609375
[1715293998.8356562],12.20703125,-23.92578125,-21.97265625,-991.2109375
[1715293998.8395624],-776.3671875,-772.4609375,-39.0625,-425.29296875
[1715293998.8434687],184.08203125,209.47265625,-56.15234375,-1000.0
[1715293998.847375],-1000.0,-1000.0,-45.41015625,540.52734375
[1715293998.8512812],-261.71875,-287.59765625,-28.80859375,655.76171875
[1715293998.8551874],-806.640625,-814.453125,-9.765625,-884.765625
[1715293998.8590937],252.44140625,277.34375,-20.99609375,-1000.0
[1715293998.861125],-1000.0,-1000.0,-21.97265625,-140.13671875
[1715293998.8650312],-525.390625,-607.91015625,-4.39453125,-864.2578125
[1715293998.8689375],-947.265625,970.21484375,-17.578125,10.7421875
[1715293998.8728437],701.171875,854.00390625,-39.0625,-1000.0
[1715293998.87675],-914.55078125,-798.828125,-32.2265625,-270.01953125
[1715293998.8806562],-944.82421875,-885.25390625,-15.625,-852.5390625
[1715293998.8845625],577.63671875,680.17578125,-13.18359375,599.12109375
[1715293998.8884687],-869.62890625,-863.28125,-24.90234375,-1000.0
[1715293998.892375],-216.30859375,-156.73828125,-43.9453125,-788.0859375
[1715293998.8962812],-1000.0,-1000.0,-37.59765625,952.63671875
[1715293998.9001875],-179.19921875,-225.09765625,-34.1796875,469.7265625
[1715293998.9040937],-810.05859375,-820.80078125,-37.59765625,-1000.0
[1715293998.906125],229.4921875,239.74609375,-52.24609375,-1000.0
[1715293998.9100313],-1000.0,-1000.0,-47.36328125,182.12890625
[1715293998.9139376],-276.85546875,-339.84375,-34.66796875,-997.0703125
[1715293998.9178438],-808.10546875,-827.1484375,-40.0390625,-436.03515625
[1715293998.92175],363.76953125,470.703125,-57.12890625,-1000.0
[1715293998.9256563],-1000.0,-1000.0,-51.7578125,-214.35546875
[1715293998.9295626],-526.85546875,-425.29296875,-32.71484375,-834.47265625
[1715293998.9334688],-939.453125,-875.48828125,-48.828125,224.609375
[1715293998.937375],735.83984375,708.0078125,-71.2890625,-1000.0
[1715293998.9412813],-773.92578125,-754.39453125,-53.7109375,-401.3671875
[1715293998.9451876],-1000.0,-1000.0,-19.53125,-862.79296875
[1715293998.9490938],191.89453125,114.2578125,-29.296875,396.97265625
[1715293998.906125],229.4921875,239.74609375,-52.24609375,-1000.0
[1715293998.9100313],-1000.0,-1000.0,-47.36328125,182.12890625
[1715293998.9139376],-276.85546875,-339.84375,-34.66796875,-997.0703125
[1715293998.9178438],-808.10546875,-827.1484375,-40.0390625,-436.03515625
[1715293998.92175],363.76953125,470.703125,-57.12890625,-1000.0
[1715293998.9256563],-1000.0,-1000.0,-51.7578125,-214.35546875
[1715293998.9295626],-526.85546875,-425.29296875,-32.71484375,-834.47265625
[1715293998.9334688],-939.453125,-875.48828125,-48.828125,224.609375
[1715293998.937375],735.83984375,708.0078125,-71.2890625,-1000.0
[1715293998.9412813],-773.92578125,-754.39453125,-53.7109375,-401.3671875
[1715293998.9451876],-1000.0,-1000.0,-19.53125,-862.79296875
[1715293998.9490938],191.89453125,114.2578125,-29.296875,396.97265625
[1715293998.906125],229.4921875,239.74609375,-52.24609375,-1000.0
[1715293998.9100313],-1000.0,-1000.0,-47.36328125,182.12890625
[1715293998.9139376],-276.85546875,-339.84375,-34.66796875,-997.0703125
[1715293998.9178438],-808.10546875,-827.1484375,-40.0390625,-436.03515625
[1715293998.92175],363.76953125,470.703125,-57.12890625,-1000.0
[1715293998.9256563],-1000.0,-1000.0,-51.7578125,-214.35546875
[1715293998.9295626],-526.85546875,-425.29296875,-32.71484375,-834.47265625
[1715293998.9334688],-939.453125,-875.48828125,-48.828125,224.609375
[1715293998.937375],735.83984375,708.0078125,-71.2890625,-1000.0
[1715293998.9412813],-773.92578125,-754.39453125,-53.7109375,-401.3671875
[1715293998.9451876],-1000.0,-1000.0,-19.53125,-862.79296875
[1715293998.9490938],191.89453125,114.2578125,-29.296875,396.97265625
[1715293998.952125],-803.22265625,-789.0625,-60.05859375,-1000.0
[1715293998.9560313],-57.6171875,41.50390625,-62.5,-841.796875
[1715293998.9599376],-1000.0,-1000.0,-47.36328125,721.19140625
[1715293998.9638438],-233.88671875,-247.0703125,-41.015625,881.8359375
[1715293998.96775],-817.3828125,-813.4765625,-42.48046875,-596.6796875
[1715293998.9716563],239.2578125,293.9453125,-46.875,-1000.0
[1715293998.9755626],-1000.0,-1000.0,-43.45703125,77.63671875
[1715293998.9794688],-371.58203125,-479.98046875,-41.50390625,-856.93359375
[1715293998.983375],-849.609375,-892.08984375,-39.55078125,-112.79296875
[1715293998.9872813],476.07421875,555.6640625,-50.29296875,-1000.0
[1715293998.9911876],-1000.0,-1000.0,-48.828125,-242.1875
[1715293998.9950938],-791.9921875,-853.02734375,-39.55078125,-825.1953125
[1715293998.952125],-803.22265625,-789.0625,-60.05859375,-1000.0
[1715293998.9560313],-57.6171875,41.50390625,-62.5,-841.796875
[1715293998.9599376],-1000.0,-1000.0,-47.36328125,721.19140625
[1715293998.9638438],-233.88671875,-247.0703125,-41.015625,881.8359375
[1715293998.96775],-817.3828125,-813.4765625,-42.48046875,-596.6796875
[1715293998.9716563],239.2578125,293.9453125,-46.875,-1000.0
[1715293998.9755626],-1000.0,-1000.0,-43.45703125,77.63671875
[1715293998.9794688],-371.58203125,-479.98046875,-41.50390625,-856.93359375
[1715293998.983375],-849.609375,-892.08984375,-39.55078125,-112.79296875
[1715293998.9872813],476.07421875,555.6640625,-50.29296875,-1000.0
[1715293998.9911876],-1000.0,-1000.0,-48.828125,-242.1875
[1715293998.9950938],-791.9921875,-853.02734375,-39.55078125,-825.1953125
[1715293998.995125],788.57421875,690.4296875,-48.828125,392.08984375
[1715293998.9990313],971.19140625,-932.6171875,-59.5703125,-1000.0
[1715293999.0029376],-513.671875,-358.3984375,-45.8984375,-501.46484375
[1715293999.0068438],-1000.0,-1000.0,-39.0625,992.67578125
[1715293999.01075],52.24609375,-26.85546875,-48.33984375,984.86328125
[1715293999.0146563],-786.62109375,-782.2265625,-52.24609375,-469.7265625
[1715293999.0185626],97.16796875,210.44921875,-58.59375,-1000.0
[1715293999.0224688],-1000.0,-1000.0,-60.05859375,564.453125
[1715293999.026375],-250.0,-263.671875,-55.17578125,682.12890625
[1715293999.0302813],-812.01171875,-806.640625,-62.98828125,-851.07421875
[1715293999.0341876],241.2109375,240.72265625,-60.05859375,-1000.0
[1715293999.0380938],-1000.0,-1000.0,-42.96875,-110.83984375
[1715293998.995125],788.57421875,690.4296875,-48.828125,392.08984375
[1715293998.9990313],971.19140625,-932.6171875,-59.5703125,-1000.0
[1715293999.0029376],-513.671875,-358.3984375,-45.8984375,-501.46484375
[1715293999.0068438],-1000.0,-1000.0,-39.0625,992.67578125
[1715293999.01075],52.24609375,-26.85546875,-48.33984375,984.86328125
[1715293999.0146563],-786.62109375,-782.2265625,-52.24609375,-469.7265625
[1715293999.0185626],97.16796875,210.44921875,-58.59375,-1000.0
[1715293999.0224688],-1000.0,-1000.0,-60.05859375,564.453125
[1715293999.026375],-250.0,-263.671875,-55.17578125,682.12890625
[1715293999.0302813],-812.01171875,-806.640625,-62.98828125,-851.07421875
[1715293999.0341876],241.2109375,240.72265625,-60.05859375,-1000.0
[1715293999.0380938],-1000.0,-1000.0,-42.96875,-110.83984375
[1715293999.056125],-484.375,-580.078125,-36.62109375,-854.4921875
[1715293999.0600312],-905.76171875,-980.95703125,-41.50390625,34.66796875
[1715293999.0639374],586.9140625,718.75,-57.12890625,-1000.0
[1715293999.0678437],-991.69921875,-878.90625,-43.45703125,-250.9765625
[1715293999.07175],-974.609375,-1000.0,-26.3671875,-848.14453125
[1715293999.0756562],520.99609375,429.19921875,-36.62109375,648.4375
[1715293999.0795624],-893.5546875,-834.9609375,-56.15234375,-991.69921875
[1715293999.0834687],-305.6640625,-166.50390625,-51.7578125,-666.50390625
[1715293999.087375],-1000.0,-1000.0,-30.76171875,-920.8984375
[1715293999.0912812],-112.3046875,-217.7734375,-26.3671875,398.92578125
[1715293999.0951874],-800.29296875,-815.91796875,-25.390625,-1000.0
[1715293999.0990937],199.21875,234.375,-39.55078125,-1000.0
[1715293999.056125],-484.375,-580.078125,-36.62109375,-854.4921875
[1715293999.0600312],-905.76171875,-980.95703125,-41.50390625,34.66796875
[1715293999.0639374],586.9140625,718.75,-57.12890625,-1000.0
[1715293999.0678437],-991.69921875,-878.90625,-43.45703125,-250.9765625
[1715293999.07175],-974.609375,-1000.0,-26.3671875,-848.14453125
[1715293999.0756562],520.99609375,429.19921875,-36.62109375,648.4375
[1715293999.0795624],-893.5546875,-834.9609375,-56.15234375,-991.69921875
[1715293999.0834687],-305.6640625,-166.50390625,-51.7578125,-666.50390625
[1715293999.087375],-1000.0,-1000.0,-30.76171875,-920.8984375
[1715293999.0912812],-112.3046875,-217.7734375,-26.3671875,398.92578125
[1715293999.0951874],-800.29296875,-815.91796875,-25.390625,-1000.0
[1715293999.0990937],199.21875,234.375,-39.55078125,-1000.0
[1715293999.101125],-1000.0,-1000.0,-33.69140625,215.33203125
[1715293999.1050313],-261.71875,-267.08984375,-27.34375,-772.94921875
[1715293999.1089375],-805.6640625,-800.78125,-25.390625,146.97265625
[1715293999.1128438],286.62109375,372.55859375,-30.76171875,-1000.0
[1715293999.11675],-1000.0,-1000.0,-23.92578125,-247.55859375
[1715293999.1206563],-511.23046875,-432.12890625,-10.7421875,-795.8984375
[1715293999.1245625],-934.5703125,-926.26953125,-19.53125,336.9140625
[1715293999.1284688],699.70703125,831.0546875,-28.80859375,-1000.0
[1715293999.132375],-835.44921875,-612.3046875,-44.43359375,-368.1640625
[1715293999.1362813],-1000.0,-1000.0,-41.50390625,-836.9140625
[1715293999.1401875],289.55078125,149.4140625,-26.85546875,482.91015625
[1715293999.1440938],-824.21875,-809.08203125,-37.59765625,-1000.0
[1715293999.101125],-1000.0,-1000.0,-33.69140625,215.33203125
[1715293999.1050313],-261.71875,-267.08984375,-27.34375,-772.94921875
[1715293999.1089375],-805.6640625,-800.78125,-25.390625,146.97265625
[1715293999.1128438],286.62109375,372.55859375,-30.76171875,-1000.0
[1715293999.11675],-1000.0,-1000.0,-23.92578125,-247.55859375
[1715293999.1206563],-511.23046875,-432.12890625,-10.7421875,-795.8984375
[1715293999.1245625],-934.5703125,-926.26953125,-19.53125,336.9140625
[1715293999.1284688],699.70703125,831.0546875,-28.80859375,-1000.0
[1715293999.132375],-835.44921875,-612.3046875,-44.43359375,-368.1640625
[1715293999.1362813],-1000.0,-1000.0,-41.50390625,-836.9140625
[1715293999.1401875],289.55078125,149.4140625,-26.85546875,482.91015625
[1715293999.1440938],-824.21875,-809.08203125,-37.59765625,-1000.0
[1715293999.146125],-159.1796875,-94.23828125,-52.24609375,-825.1953125
[1715293999.1500313],-1000.0,-1000.0,-50.78125,839.35546875
[1715293999.1539376],-201.171875,-229.4921875,-55.17578125,671.875
[1715293999.1578438],-811.5234375,-813.96484375,-70.3125,-855.95703125
[1715293999.16175],230.95703125,234.86328125,-78.125,-1000.0
[1715293999.1656563],-1000.0,-1000.0,-74.21875,106.93359375
[1715293999.1695626],-268.5546875,-269.53125,-74.21875,-813.4765625
[1715293999.1734688],-809.08203125,-810.546875,-75.1953125,30.2734375
[1715293999.177375],391.11328125,443.359375,-74.21875,-1000.0
[1715293999.1812813],-1000.0,-1000.0,-56.640625,-241.69921875
[1715293999.1851876],-718.75,-837.890625,-53.7109375,-817.3828125
[1715293999.1890938],876.46484375,736.328125,-65.4296875,179.6875
[1715293999.146125],-159.1796875,-94.23828125,-52.24609375,-825.1953125
[1715293999.1500313],-1000.0,-1000.0,-50.78125,839.35546875
[1715293999.1539376],-201.171875,-229.4921875,-55.17578125,671.875
[1715293999.1578438],-811.5234375,-813.96484375,-70.3125,-855.95703125
[1715293999.16175],230.95703125,234.86328125,-78.125,-1000.0
[1715293999.1656563],-1000.0,-1000.0,-74.21875,106.93359375
[1715293999.1695626],-268.5546875,-269.53125,-74.21875,-813.4765625
[1715293999.1734688],-809.08203125,-810.546875,-75.1953125,30.2734375
[1715293999.177375],391.11328125,443.359375,-74.21875,-1000.0
[1715293999.1812813],-1000.0,-1000.0,-56.640625,-241.69921875
[1715293999.1851876],-718.75,-837.890625,-53.7109375,-817.3828125
[1715293999.1890938],876.46484375,736.328125,-65.4296875,179.6875
[1715293999.192125],900.87890625,973.14453125,-66.89453125,-1000.0
[1715293999.1960313],-617.1875,-527.34375,-67.87109375,-381.8359375
[1715293999.1999376],-1000.0,-1000.0,-51.7578125,-872.0703125
[1715293999.2038438],145.5078125,33.69140625,-47.8515625,528.3203125
[1715293999.20775],-775.390625,-751.46484375,-72.75390625,-1000.0
[1715293999.2116563],27.34375,134.27734375,-78.125,-839.35546875
[1715293999.2155626],-1000.0,-1000.0,-59.5703125,665.52734375
[1715293999.2194688],-87.890625,144.53125,-58.10546875,-877.44140625
[1715293999.223375],-774.90234375,-748.046875,-66.40625,-199.21875
[1715293999.2272813],218.26171875,166.50390625,-65.91796875,-1000.0
[1715293999.2311876],-1000.0,-1000.0,-49.31640625,8.30078125
[1715293999.2350938],-408.69140625,-519.04296875,-42.48046875,-869.62890625
[1715293999.236125],-867.67578125,-925.78125,-61.03515625,-164.0625
[1715293999.2400312],546.38671875,617.1875,-71.77734375,-1000.0
[1715293999.2439375],-1000.0,-988.76953125,-50.78125,-226.5625
[1715293999.2478437],-854.98046875,-951.66015625,-48.33984375,-829.1015625
[1715293999.25175],679.6875,498.046875,-56.15234375,238.28125
[1715293999.2556562],-912.109375,-815.4296875,-61.5234375,-1000.0
[1715293999.2595625],-325.1953125,-51.7578125,-65.91796875,-495.1171875
[1715293999.2634687],-1000.0,-1000.0,-50.29296875,-899.4140625
[1715293999.267375],-0.9765625,-159.66796875,-45.8984375,330.078125
[1715293999.2712812],-783.203125,-792.48046875,-57.12890625,-1000.0
[1715293999.2751875],148.4375,202.1484375,-66.40625,-987.79296875
[1715293999.2790937],-1000.0,-1000.0,-54.19921875,520.99609375
[1715293999.282125],-256.34765625,-261.71875,-45.8984375,832.03125
[1715293999.2860312],-808.10546875,-806.15234375,-57.12890625,-698.2421875
[1715293999.2899375],249.51171875,300.78125,-63.4765625,-1000.0
[1715293999.2938437],-1000.0,-1000.0,-46.875,-92.28515625
[1715293999.29775],-481.4453125,-546.38671875,-34.1796875,-841.30859375
[1715293999.3016562],-926.7578125,983.3984375,-44.43359375,50.78125
[1715293999.3055625],698.2421875,917.48046875,-53.22265625,-1000.0
[1715293999.3094687],-882.32421875,-562.98828125,-48.33984375,-241.2109375
[1715293999.313375],-1000.0,-1000.0,-46.38671875,-820.3125
[1715293999.3172812],482.421875,260.7421875,-45.8984375,216.30859375
[1715293999.3211875],-845.703125,-813.96484375,-44.43359375,-1000.0
[1715293999.3250937],-201.66015625,-149.4140625,-37.59765625,-586.9140625
[1715293999.282125],-256.34765625,-261.71875,-45.8984375,832.03125
[1715293999.2860312],-808.10546875,-806.15234375,-57.12890625,-698.2421875
[1715293999.2899375],249.51171875,300.78125,-63.4765625,-1000.0
[1715293999.2938437],-1000.0,-1000.0,-46.875,-92.28515625
[1715293999.29775],-481.4453125,-546.38671875,-34.1796875,-841.30859375
[1715293999.3016562],-926.7578125,983.3984375,-44.43359375,50.78125
[1715293999.3055625],698.2421875,917.48046875,-53.22265625,-1000.0
[1715293999.3094687],-882.32421875,-562.98828125,-48.33984375,-241.2109375
[1715293999.313375],-1000.0,-1000.0,-46.38671875,-820.3125
[1715293999.3172812],482.421875,260.7421875,-45.8984375,216.30859375
[1715293999.3211875],-845.703125,-813.96484375,-44.43359375,-1000.0
[1715293999.3250937],-201.66015625,-149.4140625,-37.59765625,-586.9140625
[1715293999.282125],-256.34765625,-261.71875,-45.8984375,832.03125
[1715293999.2860312],-808.10546875,-806.15234375,-57.12890625,-698.2421875
[1715293999.2899375],249.51171875,300.78125,-63.4765625,-1000.0
[1715293999.2938437],-1000.0,-1000.0,-46.875,-92.28515625
[1715293999.29775],-481.4453125,-546.38671875,-34.1796875,-841.30859375
[1715293999.3016562],-926.7578125,983.3984375,-44.43359375,50.78125
[1715293999.3055625],698.2421875,917.48046875,-53.22265625,-1000.0
[1715293999.3094687],-882.32421875,-562.98828125,-48.33984375,-241.2109375
[1715293999.313375],-1000.0,-1000.0,-46.38671875,-820.3125
[1715293999.3172812],482.421875,260.7421875,-45.8984375,216.30859375
[1715293999.3211875],-845.703125,-813.96484375,-44.43359375,-1000.0
[1715293999.3250937],-201.66015625,-149.4140625,-37.59765625,-586.9140625
[1715293999.327125],-1000.0,-1000.0,-26.3671875,-953.61328125
[1715293999.3310313],-106.93359375,-208.49609375,-42.96875,424.31640625
[1715293999.3349376],-791.015625,-812.5,-55.6640625,-1000.0
[1715293999.3388438],216.796875,232.421875,-50.78125,-1000.0
[1715293999.34275],-1000.0,-1000.0,-41.015625,238.76953125
[1715293999.3466563],-266.6015625,-267.578125,-38.0859375,-781.25
[1715293999.3505626],-807.12890625,-808.10546875,-48.33984375,86.42578125
[1715293999.3544688],321.77734375,377.44140625,-53.7109375,-1000.0
[1715293999.358375],-1000.0,-1000.0,-44.921875,-221.6796875
[1715293999.3622813],-609.86328125,-750.9765625,-34.66796875,-813.96484375
[1715293999.3661876],994.62890625,858.3984375,-47.8515625,133.7890625
[1715293999.3700938],786.62109375,866.2109375,-61.03515625,-1000.0
[1715293999.327125],-1000.0,-1000.0,-26.3671875,-953.61328125
[1715293999.3310313],-106.93359375,-208.49609375,-42.96875,424.31640625
[1715293999.3349376],-791.015625,-812.5,-55.6640625,-1000.0
[1715293999.3388438],216.796875,232.421875,-50.78125,-1000.0
[1715293999.34275],-1000.0,-1000.0,-41.015625,238.76953125
[1715293999.3466563],-266.6015625,-267.578125,-38.0859375,-781.25
[1715293999.3505626],-807.12890625,-808.10546875,-48.33984375,86.42578125
[1715293999.3544688],321.77734375,377.44140625,-53.7109375,-1000.0
[1715293999.358375],-1000.0,-1000.0,-44.921875,-221.6796875
[1715293999.3622813],-609.86328125,-750.9765625,-34.66796875,-813.96484375
[1715293999.3661876],994.62890625,858.3984375,-47.8515625,133.7890625
[1715293999.3700938],786.62109375,866.2109375,-61.03515625,-1000.0
[1715293999.327125],-1000.0,-1000.0,-26.3671875,-953.61328125
[1715293999.3310313],-106.93359375,-208.49609375,-42.96875,424.31640625
[1715293999.3349376],-791.015625,-812.5,-55.6640625,-1000.0
[1715293999.3388438],216.796875,232.421875,-50.78125,-1000.0
[1715293999.34275],-1000.0,-1000.0,-41.015625,238.76953125
[1715293999.3466563],-266.6015625,-267.578125,-38.0859375,-781.25
[1715293999.3505626],-807.12890625,-808.10546875,-48.33984375,86.42578125
[1715293999.3544688],321.77734375,377.44140625,-53.7109375,-1000.0
[1715293999.358375],-1000.0,-1000.0,-44.921875,-221.6796875
[1715293999.3622813],-609.86328125,-750.9765625,-34.66796875,-813.96484375
[1715293999.3661876],994.62890625,858.3984375,-47.8515625,133.7890625
[1715293999.3700938],786.62109375,866.2109375,-61.03515625,-1000.0
[1715293999.372125],-759.27734375,-666.015625,-45.8984375,-317.3828125
[1715293999.3760312],-1000.0,-1000.0,-48.828125,-838.8671875
[1715293999.3799374],256.8359375,91.796875,-54.19921875,392.578125
[1715293999.3838437],-793.9453125,-774.90234375,-55.6640625,-1000.0
[1715293999.38775],-70.80078125,34.1796875,-57.6171875,-751.953125
[1715293999.3916562],-1000.0,-1000.0,-29.78515625,713.37890625
[1715293999.3955624],-105.46875,-33.203125,-27.83203125,-852.5390625
[1715293999.3994687],-782.71484375,-766.11328125,-44.43359375,-142.578125
[1715293999.403375],218.75,213.37890625,-51.7578125,-1000.0
[1715293999.4072812],-1000.0,-1000.0,-46.38671875,50.78125
[1715293999.4111874],-322.265625,-436.03515625,-42.48046875,-798.33984375
[1715293999.4150937],-827.63671875,-871.09375,-46.875,28.80859375
[1715293999.372125],-759.27734375,-666.015625,-45.8984375,-317.3828125
[1715293999.3760312],-1000.0,-1000.0,-48.828125,-838.8671875
[1715293999.3799374],256.8359375,91.796875,-54.19921875,392.578125
[1715293999.3838437],-793.9453125,-774.90234375,-55.6640625,-1000.0
[1715293999.38775],-70.80078125,34.1796875,-57.6171875,-751.953125
[1715293999.3916562],-1000.0,-1000.0,-29.78515625,713.37890625
